,Y0,Y1,Country,Label,Label5,Label10,Label15,Label20,Label25,Label30,Label35,Label40,Label45,Label50,Label6,Label7,Label8,Label9,Label11,Label12,Label13,Label14,Label16,Label17,Label18,Label19,Label21,Label22,Label23,Label24,Label26,Label27,Label28,Label29,Label31,Label32,Label33,Label34,Label36,Label37,Label38,Label39,Label41,Label42,Label43,Label44,Label46,Label47,Label48,Label49,Label51,Label52,Label53,Label54
0,-22.006031,-9.001748,Acadia,9,3,9,4,17,5,28,10,33,14,36,0,2,1,4,10,8,11,13,14,1,6,10,18,2,8,14,7,8,9,9,13,2,10,0,7,6,5,35,33,20,33,29,35,34,47,48,20,23,5,1
1,-13.610378,8.410161,Afghanistan (1943-1973),18,0,8,1,1,8,26,5,21,19,8,3,0,6,1,3,7,3,6,8,7,13,5,2,5,5,6,2,2,0,1,7,5,21,28,11,14,0,0,8,23,5,26,1,19,33,1,25,27,2,4
2,-9.908794,4.9094257,Afghanistan (1973-1978),2,0,5,1,1,10,12,27,6,11,46,3,0,6,8,0,6,9,7,8,16,13,5,2,13,5,6,19,22,0,1,20,28,24,14,14,22,16,0,32,6,12,26,8,4,5,19,40,6,9,47
3,-16.131153,12.659975,"Afghanistan (1992-1999, 2002-2006)",18,0,8,5,5,11,21,12,21,8,41,3,0,6,1,3,7,3,6,2,7,7,11,16,10,12,9,21,2,6,21,7,5,9,28,20,14,0,12,6,35,5,13,1,19,23,17,10,33,2,25
4,2.1285477,17.988714,Afghanistan (1978-1992),4,1,1,12,2,3,17,8,10,40,35,2,3,4,2,2,9,12,3,12,5,10,6,15,11,3,23,11,6,11,3,21,10,0,18,28,31,8,6,12,12,23,35,3,43,3,3,26,24,19,0
5,-3.3020191,11.232634,Afghanistan,13,0,1,8,4,14,2,31,3,0,42,3,3,4,8,2,9,12,3,12,2,3,14,17,1,11,13,6,10,14,12,11,0,15,6,10,21,27,10,14,36,1,0,26,10,26,46,5,18,52,18
6,-8.601917,-21.057495,Aland Islands,5,2,6,7,3,12,14,14,9,26,6,4,6,3,7,4,2,7,8,13,11,12,2,7,9,15,7,18,0,13,25,9,4,23,30,13,29,26,5,13,10,0,19,21,41,11,8,21,5,39,10
7,4.020683,-15.878246,Albania,1,2,0,3,12,13,27,34,2,31,39,4,6,7,0,8,2,10,4,11,6,2,9,12,20,4,10,22,5,21,16,22,27,2,2,4,24,21,22,15,17,19,34,24,8,41,26,15,2,22,32
8,5.957178,-13.084489,Algeria,1,2,0,3,12,17,27,9,2,31,39,4,6,7,0,5,5,10,11,11,3,2,9,9,8,4,10,3,5,21,15,22,27,2,2,19,24,21,1,15,17,41,40,24,8,41,26,15,2,22,32
9,17.466413,5.939158,Andorra,0,4,3,9,16,1,10,15,26,16,1,1,1,0,6,1,1,6,12,9,0,0,8,13,17,1,4,10,11,17,26,12,3,29,16,25,1,28,21,20,14,4,2,37,45,22,16,22,10,1,40
10,16.900145,-2.508189,Anguilla,11,4,7,9,11,15,25,29,11,7,37,1,5,5,5,1,1,6,5,9,10,8,8,3,6,10,22,5,11,8,8,5,6,30,5,2,10,10,17,10,30,10,20,20,9,45,32,44,15,41,21
11,3.3858614,-12.538279,Angola,1,2,0,3,12,17,27,9,2,31,39,4,6,7,3,5,5,5,10,11,3,2,9,0,8,4,10,23,5,21,16,22,27,12,27,19,2,21,1,15,17,41,1,24,8,41,26,15,2,22,32
12,-15.832151,-9.005611,Antigua and Barbuda,9,3,9,14,17,5,1,10,1,28,38,0,2,1,4,10,8,11,13,14,1,6,10,18,2,8,2,7,8,9,24,13,2,10,25,7,11,20,4,1,11,3,7,5,39,13,5,8,1,30,28
13,17.149446,17.412666,Armenia (1944-1991),8,1,3,2,8,6,4,6,27,4,49,2,1,0,6,6,4,8,2,15,13,9,15,8,3,7,5,14,7,26,5,15,21,8,10,9,28,9,2,4,9,16,17,6,28,7,39,16,7,11,42
14,-5.134114,-3.5216322,Argentina,16,3,2,11,13,0,8,18,5,10,44,5,4,2,3,0,6,1,10,0,15,1,7,10,18,14,16,20,3,16,23,10,24,25,19,27,20,33,9,9,19,38,12,30,37,31,7,12,49,28,39
15,17.279129,17.86031,Armenia,8,1,3,2,8,6,4,6,27,4,49,2,1,0,6,6,4,8,2,15,13,9,15,8,3,7,5,14,7,26,5,15,21,8,10,9,28,9,2,4,9,16,17,6,28,7,39,16,7,11,42
16,-2.3126528,-6.1564336,Artsakh,16,2,2,11,10,0,8,19,5,10,44,5,4,2,3,5,10,1,10,0,15,1,7,0,18,18,16,20,3,10,23,10,24,28,12,33,20,34,9,40,15,8,12,41,16,14,10,9,9,0,50
17,20.159937,2.3241997,Australia,11,4,7,9,16,1,10,15,26,16,13,1,1,5,5,1,1,6,12,9,0,0,8,13,17,1,4,10,11,15,26,12,11,13,16,32,32,28,30,37,14,39,14,37,31,12,16,2,32,32,14
18,14.792375,-16.983358,Aruba,19,2,0,13,19,4,29,4,30,18,27,4,5,7,0,8,11,10,11,4,12,14,0,20,0,9,21,17,14,5,15,26,25,17,15,31,30,7,14,3,24,27,4,9,32,40,11,28,8,35,8
19,-10.643055,-1.5629282,Assyria,2,3,5,11,1,19,8,33,39,43,43,0,2,1,4,0,6,9,7,8,16,13,7,10,13,14,12,8,3,16,27,0,24,25,19,30,15,12,25,35,31,38,42,33,22,36,7,38,49,21,15
20,7.848322,13.205021,Austria (1929-1938),12,1,3,12,2,18,24,26,24,9,19,2,1,0,6,6,4,0,2,7,5,17,6,1,11,3,23,24,26,25,19,29,17,0,3,28,9,30,26,11,0,42,6,14,46,35,30,6,36,37,51
21,7.841216,-23.50009,Azores,10,2,0,13,9,13,3,3,13,41,18,4,6,7,0,8,11,10,4,4,6,11,0,12,20,13,0,22,25,19,20,30,12,26,33,17,8,36,11,5,7,9,11,23,24,43,33,0,26,3,29
22,8.620669,12.326225,Austria,12,1,3,12,2,18,24,26,24,9,19,2,1,0,6,6,4,0,2,1,5,17,6,1,15,3,23,24,26,25,19,29,17,0,3,0,9,30,26,11,0,42,6,14,46,35,30,6,36,37,51
23,20.125763,-3.3445852,Bahamas,11,4,7,0,11,15,25,29,11,7,17,1,5,5,5,1,1,6,5,3,10,8,4,3,21,10,20,5,19,8,22,25,31,13,5,2,10,10,17,10,30,10,20,0,9,12,32,44,15,25,21
24,8.094602,12.458801,Austria (1920-1929),12,1,3,12,2,18,24,26,24,9,19,2,1,0,6,6,4,0,2,1,5,17,6,1,15,3,23,24,26,25,19,29,17,0,3,0,9,30,26,11,0,42,6,14,46,35,30,6,36,37,51
25,9.936665,-23.362438,Azerbaijan,10,2,0,13,9,13,3,3,13,41,18,4,6,7,0,8,11,10,4,4,12,14,0,12,20,13,0,22,14,19,20,30,12,26,33,17,8,36,11,5,7,9,11,23,24,43,33,0,26,3,29
26,15.844145,15.631907,Azerbaijan (1944-1992),8,1,3,2,8,6,4,6,27,4,49,2,1,0,6,6,4,8,2,15,9,9,13,8,3,7,5,25,7,2,5,15,21,8,10,9,28,9,2,4,9,16,17,6,28,7,39,16,7,11,42
27,-1.1098596,0.664822,Belarus (1920- (government in exile)),6,0,4,11,13,0,0,7,14,27,0,5,4,2,8,0,6,9,7,10,4,16,1,10,7,6,3,16,20,16,14,4,9,6,1,16,0,2,28,26,19,6,24,18,2,19,41,35,40,38,7
28,5.4841847,-9.871009,Bavaria,14,2,0,10,12,17,13,9,2,15,22,4,6,7,3,5,5,5,0,5,3,2,9,9,8,4,10,23,9,10,4,8,7,12,27,19,25,1,1,19,17,41,40,24,17,17,13,49,2,15,17
29,19.553497,12.780693,Belarus,8,1,3,2,8,6,4,6,27,4,49,2,1,0,6,6,4,8,2,15,9,9,13,8,3,7,5,25,7,2,5,15,21,8,10,9,28,9,2,4,9,16,17,17,28,7,6,16,7,48,42
30,11.135911,-15.519836,Bangladesh,19,2,0,13,19,4,3,4,4,6,11,4,5,7,0,8,11,10,11,4,12,14,0,20,0,9,21,3,5,5,15,30,1,2,2,8,5,19,38,31,7,19,27,9,32,40,40,14,44,35,2
31,-11.06024,10.763377,Bahrain,13,0,8,1,1,8,23,2,17,44,8,3,0,6,1,3,7,3,6,2,7,7,5,2,5,5,6,19,22,0,1,11,26,5,13,3,26,13,0,2,39,32,26,32,38,18,9,25,27,27,48
32,21.081232,6.734058,Barbados,0,4,3,9,16,1,10,15,26,16,13,1,1,0,6,1,1,6,12,9,0,0,8,13,17,1,4,10,11,15,26,12,11,29,16,32,1,28,30,37,14,39,14,37,45,46,16,2,10,32,40
33,19.172922,12.925802,Belarus (1955-1991),8,1,3,2,8,6,4,6,27,4,49,2,1,0,6,6,4,8,2,15,9,9,13,8,3,7,5,25,7,2,5,15,21,8,10,9,28,9,2,4,9,16,17,17,28,7,6,16,7,48,42
34,7.0433974,-5.4128947,Belize,3,4,4,10,15,16,13,13,15,5,47,5,4,2,3,5,5,5,0,5,3,5,18,9,16,22,8,15,21,22,4,8,7,7,11,29,25,1,31,19,3,2,28,25,25,32,13,30,22,6,17
35,-4.1013684,-4.045638,Bolivia,16,3,2,11,13,0,8,18,5,10,44,5,4,2,3,0,10,1,10,0,15,1,7,10,18,14,16,20,3,16,23,10,24,28,19,27,20,33,9,9,19,8,12,30,37,31,7,12,49,0,39
36,-7.542056,-8.498257,Biafra,16,3,2,11,10,23,19,0,23,12,16,0,2,3,7,4,10,1,10,0,15,1,7,19,18,2,16,20,18,4,23,28,18,1,12,1,34,35,23,28,37,40,31,13,16,20,10,24,28,43,30
37,8.780068,1.651666,Bermuda,0,4,4,6,0,9,15,11,8,2,20,5,4,2,5,9,3,0,0,1,14,5,17,14,16,20,15,4,1,1,13,1,19,4,23,15,36,6,3,22,25,30,21,43,12,0,15,50,3,17,45
38,22.62537,-1.2508231,Benin,11,4,7,9,11,1,10,15,11,7,17,1,5,5,5,1,1,6,5,9,0,8,8,3,21,10,4,5,19,15,22,25,11,13,5,32,32,10,30,37,14,10,14,0,31,12,32,2,32,32,14
39,2.7086968,-2.1672432,Bonaire,14,4,4,10,15,9,0,13,15,22,0,5,4,2,3,9,5,5,0,10,4,16,18,14,16,6,3,16,20,1,4,19,9,20,1,5,12,14,20,0,8,22,9,31,23,19,2,48,14,23,3
40,-22.70108,5.734317,Bhutan,17,0,8,5,14,2,5,25,32,29,14,3,0,6,1,7,0,4,1,6,8,4,3,11,14,0,17,21,15,12,7,14,30,14,26,6,27,22,8,23,18,31,37,28,13,6,36,31,11,29,35
41,-17.507645,1.0449514,Bophuthatswana,17,3,9,4,14,24,16,22,35,30,30,0,0,1,4,7,0,4,1,6,8,4,3,5,14,21,17,13,17,23,7,0,14,3,9,24,3,31,16,16,4,15,39,16,21,1,28,43,45,18,11
42,-14.355803,19.09874,Bosnia and Herzegovina (1992-1999),7,0,8,8,18,11,9,30,7,36,2,3,0,6,1,3,7,3,6,2,7,7,11,16,10,12,11,12,13,24,10,27,13,9,4,20,7,29,24,36,2,25,8,10,7,29,34,46,48,34,12
43,3.7607906,-7.252728,Brazil,14,2,2,10,15,17,13,19,38,15,22,5,4,2,3,5,5,5,0,5,3,2,18,0,8,18,8,23,9,10,4,8,7,12,27,5,25,1,1,40,29,41,38,41,27,14,35,49,22,15,17
44,-20.093319,15.883734,Bulgaria (royal anthem:  1908-1944),7,0,8,5,5,11,21,12,7,8,33,3,0,6,1,3,7,3,6,2,7,7,11,16,10,12,9,21,2,6,21,27,13,9,4,20,7,29,12,6,35,25,13,10,7,23,17,46,20,51,12
45,-0.95920026,8.336275,Brittany,13,0,1,6,4,14,2,31,3,27,34,5,3,4,8,0,6,0,9,12,4,3,1,17,1,11,13,6,10,14,12,16,0,15,6,10,21,27,10,14,38,1,22,44,35,26,18,47,18,52,18
46,-24.229221,10.168522,Botswana,18,0,8,5,5,2,5,25,32,29,14,3,0,6,1,7,0,4,1,6,8,4,3,11,10,0,9,21,15,12,21,14,30,14,26,6,27,22,8,23,18,31,37,28,13,6,36,31,11,29,35
47,-16.892021,3.0417354,Brunei,17,0,9,4,14,24,26,5,35,30,30,3,0,6,4,7,0,4,1,6,8,4,3,5,14,21,17,2,17,23,7,0,14,3,9,11,3,25,16,35,4,15,15,16,21,33,28,17,45,46,24
48,-3.5735345,-0.97912425,Bulgaria (1885-1944),6,3,2,11,13,0,8,18,5,10,0,5,4,2,8,0,6,9,7,10,4,16,7,10,7,14,12,8,3,16,14,4,24,25,19,27,20,33,9,9,19,6,12,30,37,31,7,12,49,28,39
49,3.1668582,15.06394,Bulgaria (1944-1950),15,1,1,12,2,18,17,8,10,20,5,2,3,4,2,2,9,12,3,12,5,10,6,17,11,3,23,24,26,11,3,21,10,0,17,28,31,8,37,12,12,23,35,3,43,39,3,26,0,4,0
50,2.7961464,-12.904809,Burkina Faso,1,2,0,3,12,17,27,9,2,31,39,4,6,7,3,5,5,5,10,11,3,2,9,0,8,4,10,23,5,21,16,22,27,12,27,19,2,21,1,15,17,20,1,24,8,41,26,15,2,22,32
51,12.011146,9.995478,Bulgaria (1950-1964),0,1,3,2,8,21,4,1,0,24,10,2,1,0,6,6,4,8,2,1,9,9,13,1,15,7,5,25,7,25,19,29,3,27,3,25,18,30,29,11,26,35,2,40,1,37,47,37,50,49,9
52,12.94247,6.653041,Bulgaria,0,1,3,9,16,21,15,1,0,24,1,2,1,0,6,9,3,6,12,1,9,0,17,1,15,1,15,4,1,17,13,1,3,29,23,25,36,30,21,20,16,4,2,4,30,24,25,22,31,49,6
53,7.6742435,0.5143785,Cabo Verde,3,4,4,6,0,9,15,13,15,2,20,5,4,2,3,9,3,0,0,1,14,5,17,14,16,6,15,4,1,1,13,19,19,20,23,15,12,14,3,22,25,30,21,43,12,0,15,50,3,17,45
54,-23.783398,9.734711,Cambodia (1970-1975),18,0,8,5,5,2,5,25,32,29,14,3,0,6,1,7,0,4,1,6,8,4,3,11,10,0,9,21,15,12,21,14,30,14,26,6,27,22,8,23,18,31,37,28,13,6,36,31,11,29,35
55,3.6112094,-20.187563,Canary Islands,10,2,0,7,3,13,7,34,19,1,3,4,6,7,0,8,2,10,4,4,6,11,2,12,20,19,19,22,25,3,6,2,27,26,20,4,24,36,22,38,13,26,34,7,14,8,4,42,12,40,20
56,9.198151,-3.570721,Canada,3,4,4,10,0,16,6,20,25,5,47,1,5,5,5,9,5,5,0,5,14,5,18,14,16,22,8,15,21,22,8,19,19,7,11,29,23,1,31,19,3,2,28,25,25,32,15,30,22,6,31
57,-23.01583,9.079885,Cambodia,18,0,8,5,5,2,5,25,32,29,14,3,0,6,1,7,0,4,1,6,8,4,3,11,10,0,9,21,15,12,21,14,30,14,26,6,27,22,8,23,18,31,37,28,13,6,36,31,11,29,35
58,-16.59196,-7.7389975,Cameroon,9,3,9,4,17,5,28,10,33,28,4,0,2,1,4,10,8,11,13,14,1,6,10,18,2,8,2,7,8,9,24,13,2,10,25,7,11,5,4,25,11,3,7,5,0,13,38,20,1,30,1
59,-13.219163,-10.569576,Cayman Islands,9,3,9,14,17,5,1,10,1,28,38,0,2,1,4,10,8,11,13,14,1,6,16,18,2,8,2,7,8,9,24,13,2,10,25,1,11,20,4,1,11,3,16,5,39,13,5,8,1,30,28
60,2.8966959,17.235071,Cambodia (1976-1979 (to 1993 in exile)),15,1,1,12,2,3,17,8,10,20,35,2,3,4,2,2,9,12,3,12,5,10,6,15,11,3,23,11,6,11,3,21,10,0,22,28,31,8,6,12,12,23,35,3,43,39,3,26,0,19,0
61,0.37586635,1.4868021,Catalonia,6,4,4,6,13,0,0,7,14,22,0,5,4,2,8,0,6,0,9,10,4,16,1,10,7,6,3,16,20,27,14,4,9,6,1,16,0,2,28,26,8,37,24,18,2,19,41,35,14,38,7
62,-0.7873286,21.396122,Central African Republic,4,1,1,12,2,3,11,21,31,40,26,2,3,4,2,2,9,12,3,12,2,10,14,6,12,3,1,11,23,7,17,3,10,16,18,12,4,37,36,24,27,11,18,12,42,3,21,27,24,26,46
63,21.72208,-0.63765895,Chad,11,4,7,9,11,1,10,15,11,7,17,1,5,5,5,1,1,6,5,9,0,8,8,13,17,10,4,5,19,15,22,25,11,13,5,32,32,10,30,37,14,10,14,0,31,12,32,2,32,32,14
64,9.782814,-11.695572,Chechnya,19,2,0,10,19,4,6,9,4,37,7,4,5,7,0,8,11,2,11,5,3,14,12,9,19,9,21,3,5,21,15,18,1,7,29,8,5,19,31,19,33,41,40,9,17,17,13,14,39,33,41
65,-19.156164,11.459091,China (1911-1912),18,0,8,5,5,2,21,12,21,8,41,3,0,6,1,3,7,3,6,2,7,7,11,11,10,0,9,21,2,6,21,7,5,9,28,11,14,0,12,6,35,5,13,1,19,23,17,10,33,2,25
66,-17.42793,6.7195244,China (1915-1916),18,0,8,5,5,2,26,5,21,19,41,3,0,6,1,7,0,4,1,6,8,4,3,11,14,0,9,2,2,6,21,7,5,21,28,11,14,0,12,8,23,5,37,1,19,33,1,17,33,2,4
67,-3.5181472,12.002793,Chechnya (1992-2004),13,0,1,8,4,14,2,31,3,0,42,3,3,4,8,2,9,12,3,12,2,3,14,17,1,11,13,6,10,14,12,11,0,15,6,10,21,27,10,14,36,1,0,26,10,26,46,5,43,27,18
68,-20.468464,5.8406057,Chile,18,0,8,5,14,2,5,25,32,29,14,3,0,6,1,7,0,4,1,6,8,4,3,11,14,0,17,21,15,12,7,14,30,14,26,6,27,22,8,23,18,31,37,28,13,6,36,31,11,29,35
69,7.9764066,-18.654371,China (1921-1928),10,2,0,13,9,13,3,34,13,6,11,4,6,7,0,8,11,10,4,4,12,14,0,12,20,13,0,22,5,21,20,30,27,2,2,4,24,36,38,31,7,19,27,23,32,34,40,42,44,50,2
70,-24.344707,-1.1885968,Ciskei,17,3,9,4,14,24,16,22,16,13,21,0,0,1,4,7,0,4,1,6,8,4,3,5,14,21,17,13,12,23,7,23,16,19,24,24,3,31,16,16,28,15,3,29,18,1,14,7,19,18,49
71,-1.7236092,-11.981803,Colombia,1,2,2,3,10,23,19,28,34,34,29,4,6,3,7,5,10,1,10,11,15,2,9,0,8,18,10,0,18,10,16,22,29,12,8,26,2,4,15,7,15,20,36,2,3,2,22,29,21,8,5
72,5.876793,-1.6464864,China,14,4,4,10,15,9,0,13,15,5,47,5,4,2,3,9,5,5,0,5,14,5,18,14,16,6,8,16,20,1,4,19,19,20,11,29,12,14,20,0,3,22,28,31,23,32,2,50,22,6,3
73,2.3771172,-20.118038,Comoros,10,2,0,7,3,13,7,34,19,1,3,4,6,7,7,8,2,10,4,4,6,11,2,12,20,19,19,9,25,3,6,2,27,18,20,4,24,36,22,38,13,26,34,7,14,8,4,42,12,40,20
74,-15.027831,17.543945,Confederate States of America,7,0,8,5,18,11,9,30,7,36,2,3,0,6,1,3,7,3,6,2,7,7,11,16,10,12,11,12,13,24,10,27,13,9,4,20,7,29,24,36,2,25,8,10,7,29,34,46,48,34,12
75,4.9556184,-13.374406,"Congo, Democratic Republic of",1,2,0,3,12,17,27,9,2,31,39,4,6,7,0,5,5,10,4,11,3,2,9,9,8,4,10,23,5,21,16,22,27,2,2,19,24,21,1,15,17,41,1,24,8,41,26,15,2,22,32
76,-7.9244437,-3.3982222,"Congo, Republic of (1970-1991)",16,3,2,11,13,19,8,18,39,43,43,0,2,1,4,0,6,1,7,0,15,1,7,10,18,14,12,8,3,16,27,10,24,25,19,27,15,12,25,9,31,38,12,33,37,31,7,38,49,28,15
77,2.0138717,0.19332868,"Congo, Republic of",6,4,4,6,15,9,0,7,14,22,0,5,4,2,3,9,3,5,0,10,4,16,18,14,7,6,3,16,20,1,11,4,9,6,1,16,12,14,28,26,8,37,9,11,23,19,2,11,14,23,52
78,17.906702,-9.873154,Cook Islands,19,4,7,0,11,15,25,29,30,33,45,1,5,5,5,1,1,2,5,3,10,8,4,3,21,10,20,5,4,5,0,26,31,31,5,31,16,32,14,27,5,36,33,36,5,4,0,13,25,25,37
79,-7.730692,-9.551087,Cornwall,16,3,2,14,10,23,19,0,23,12,16,0,2,3,7,4,10,1,10,0,15,1,7,19,18,2,16,20,18,4,23,28,18,1,12,1,34,35,23,28,37,40,31,13,16,20,10,24,28,43,30
80,4.366402,-7.2131414,Costa Rica,14,2,2,10,15,17,13,13,38,15,22,5,4,2,3,5,5,5,0,5,3,5,18,0,8,18,8,23,9,10,4,8,7,12,27,5,25,1,1,40,29,41,38,41,27,14,35,49,22,15,17
81,-16.758038,-6.3785744,Côte d’Ivoire,9,3,9,4,17,5,28,10,33,28,4,0,2,1,4,10,8,11,13,14,1,6,10,18,2,8,2,7,8,9,24,13,2,10,25,7,11,5,4,25,11,3,7,5,0,13,38,20,1,30,1
82,19.997793,-6.829444,Crimea,11,4,7,0,11,15,25,29,11,33,45,1,5,5,5,1,1,2,5,3,10,8,4,3,21,10,20,5,19,8,22,25,31,31,5,23,16,17,7,27,5,36,33,0,9,4,0,13,25,25,37
83,15.605392,5.185502,Croatia,0,4,3,9,16,21,10,1,26,16,1,1,1,0,6,1,1,6,12,9,0,0,8,13,17,1,4,10,11,17,26,12,3,29,16,25,1,28,21,20,14,4,2,4,45,22,25,22,10,1,40
84,-5.582577,-0.78296953,Cuba,2,3,5,11,13,0,8,18,39,43,43,5,4,2,8,0,6,9,7,10,16,16,7,10,13,14,12,8,3,16,27,10,24,25,19,27,20,12,25,9,19,38,12,30,37,31,7,38,49,28,15
85,2.210039,-1.8707477,Curaçao,14,4,4,10,15,0,0,13,15,22,0,5,4,2,3,9,5,5,0,10,4,16,18,14,16,6,3,16,20,1,4,19,9,20,1,5,12,14,20,0,8,22,9,31,23,19,2,48,14,23,3
86,26.395681,-6.4629817,Czechia,11,4,7,0,11,15,18,16,36,39,32,1,5,5,5,1,1,2,5,3,10,8,4,3,21,10,20,5,19,8,22,25,23,32,31,23,35,23,7,21,32,21,23,38,26,38,43,45,38,42,27
87,26.04219,-6.650137,Czechoslovakia,11,4,7,0,11,15,18,16,36,39,32,1,5,5,5,1,1,2,5,3,10,8,4,3,21,10,20,5,19,8,22,25,23,32,31,23,35,23,7,21,32,21,23,38,26,38,43,45,38,42,27
88,-9.69109,-11.620187,Danzig,16,3,6,14,10,23,19,0,23,12,16,0,2,3,7,4,10,7,8,0,11,12,16,19,9,2,7,0,16,4,2,28,18,1,12,1,34,35,23,28,37,40,16,39,11,20,5,3,35,16,30
89,0.20286256,-6.06672,Djibouti,14,2,2,11,15,17,13,19,38,15,44,5,4,2,3,5,5,5,10,0,15,1,18,0,8,18,16,23,9,10,4,8,7,28,27,5,25,34,9,40,29,8,38,41,27,14,35,9,9,45,50
90,0.30935484,-10.360591,Dominican Republic,1,2,2,3,12,17,27,19,34,34,29,4,6,3,3,5,10,1,10,11,15,2,9,0,8,18,10,23,9,10,16,22,29,12,8,19,2,34,1,7,15,20,1,2,3,2,26,9,41,15,5
91,19.764921,2.3684294,Dominica,11,4,7,9,16,1,10,15,26,16,13,1,1,5,5,1,1,6,12,9,0,0,8,13,17,1,4,10,11,15,26,12,11,13,16,32,32,28,30,37,14,39,14,37,31,12,16,2,32,32,14
92,-8.012151,-7.0916834,Egypt (1961-1979),16,3,2,11,10,19,8,0,23,12,16,0,2,1,4,10,10,1,10,0,15,1,7,19,18,2,16,20,3,4,23,10,18,1,12,1,15,35,23,28,37,38,31,13,16,20,10,24,28,43,30
93,-5.07081,-13.631608,Egypt,1,2,6,3,10,23,19,28,34,34,29,4,6,3,7,4,10,7,10,0,11,12,9,19,4,2,7,0,18,13,16,28,29,1,8,26,34,4,15,7,1,40,36,39,33,28,22,29,21,8,5
94,-2.8669822,-3.1356575,El Salvador,16,3,2,11,13,0,8,18,5,10,44,5,4,2,3,0,6,1,10,10,15,16,7,10,18,14,16,20,3,16,14,10,24,28,19,27,20,33,9,9,19,8,12,30,37,31,7,12,49,0,39
95,-2.9881597,-11.778931,Ecuador,1,2,2,3,10,23,19,28,34,34,29,4,6,3,7,5,10,1,10,0,15,1,9,19,8,2,16,0,18,4,16,28,29,1,8,26,34,4,15,7,15,20,36,2,3,2,22,29,21,8,5
96,-9.392476,-16.489487,England (“Jerusalem”),5,3,6,14,7,12,14,17,9,42,6,0,2,3,7,4,10,7,8,13,11,12,16,4,9,15,7,18,16,13,2,9,15,23,7,22,13,11,27,17,10,24,19,39,11,42,8,3,35,16,10
97,-4.9676213,20.378605,Equatorial Guinea,4,0,1,8,18,3,11,21,31,21,26,3,3,4,2,2,9,12,3,12,2,10,14,6,12,16,1,11,23,7,17,3,20,16,18,12,4,37,36,24,27,11,18,12,42,10,21,27,46,26,23
98,1.2464513,-21.834799,Eritrea,10,2,0,7,3,7,7,34,19,1,3,4,6,3,7,8,2,10,4,4,6,11,2,12,20,19,19,9,25,3,6,2,4,18,20,4,8,36,22,38,13,26,34,7,14,8,4,42,12,40,20
99,2.180517,7.399281,Estonia,12,1,4,6,6,14,2,23,22,17,24,5,3,4,8,9,3,0,9,1,4,17,1,17,1,20,13,6,10,27,11,16,22,15,17,0,21,18,13,14,22,14,22,44,15,9,37,47,51,52,34
100,-12.563847,-8.595401,England (“Land of Hope and Glory”),9,3,9,14,17,5,1,10,1,28,38,0,2,1,4,10,8,11,13,14,1,6,10,18,2,8,2,7,8,9,24,13,2,10,25,1,11,20,4,1,11,3,16,5,39,13,5,8,1,30,28
101,1.2880759,-14.665319,Esperanto,1,2,0,3,12,7,27,34,2,31,39,4,6,3,7,5,2,10,4,11,6,2,9,0,8,4,10,23,5,21,16,22,27,12,8,19,2,21,22,15,17,20,1,24,8,41,26,15,2,22,32
102,-19.566761,-4.7386136,eSwatini,9,3,9,4,17,5,28,10,33,28,4,0,2,1,4,10,8,11,13,14,1,6,10,18,2,8,2,13,8,9,9,13,16,10,0,7,11,5,35,25,20,33,39,5,0,1,38,20,19,5,1
103,-6.6820083,10.614082,Fiji,13,0,5,1,4,8,23,2,3,0,42,3,3,6,8,3,7,9,6,8,2,3,5,2,5,11,6,19,22,14,12,11,0,5,6,10,26,16,10,2,36,32,0,32,4,26,9,25,42,27,48
104,16.122738,-13.139102,Ethiopia (1930-1975),19,4,7,0,19,4,29,4,30,18,27,1,5,7,0,8,11,2,11,3,12,14,12,20,0,9,21,17,4,5,0,26,1,17,15,31,5,32,14,3,24,13,4,36,5,40,11,28,8,20,8
105,18.114994,-8.838193,Falkland Islands,11,4,7,0,11,15,25,29,30,33,45,1,5,5,5,1,1,2,5,3,10,8,4,3,21,10,20,5,4,8,0,5,31,31,5,31,16,17,14,27,5,36,33,36,5,4,0,13,25,25,37
106,14.393509,-13.319013,Ethiopia (1975-1992),19,4,0,0,19,4,29,4,30,18,27,1,5,7,0,8,11,2,11,3,12,14,12,20,0,9,21,3,4,5,15,26,1,17,15,31,5,32,14,3,24,13,4,9,5,40,11,28,8,20,8
107,12.762723,-13.005715,Ethiopia,19,4,0,0,19,4,6,4,4,18,27,1,5,7,0,8,11,2,11,5,12,14,12,20,0,9,21,3,4,5,15,26,1,17,29,8,5,19,14,3,33,13,4,9,32,40,11,14,39,20,8
108,12.5036125,0.95438623,France (1848-1852),0,4,7,9,0,21,15,11,25,2,37,1,5,5,5,1,1,6,12,9,14,0,17,13,6,1,22,10,11,17,13,1,6,4,23,15,36,6,3,39,25,30,21,4,12,22,25,22,3,17,6
109,-12.404642,4.450344,Flanders,2,0,5,1,1,10,26,5,35,11,30,3,0,6,1,7,0,9,7,8,16,13,5,2,13,5,6,2,17,0,1,20,14,21,14,14,22,25,0,35,6,12,15,8,22,33,28,40,6,46,24
110,13.17718,1.6194882,France (1852-1870),0,4,7,9,16,21,15,11,25,2,37,1,1,5,5,1,1,6,12,9,14,0,17,13,6,1,22,10,11,17,13,1,6,4,23,15,36,6,3,39,25,30,21,4,12,22,25,22,3,17,6
111,-5.187488,-9.107482,France,16,3,2,11,10,23,19,0,23,12,16,0,2,3,3,5,10,1,10,0,15,1,7,19,18,2,16,20,18,4,23,28,18,1,12,33,34,35,23,28,37,40,31,13,16,20,10,24,28,43,30
112,-5.5064797,-8.887277,France (1799-1815),16,3,2,11,10,23,19,0,23,12,16,0,2,3,3,5,10,1,10,0,15,1,7,19,18,2,16,20,18,4,23,28,18,1,12,33,34,35,23,28,37,40,31,13,16,20,10,24,28,43,30
113,-9.218485,7.407214,France (1815-1830),13,0,5,1,1,10,12,27,6,11,46,3,0,6,1,0,6,9,7,8,16,13,5,2,5,5,6,19,22,0,1,20,28,24,14,14,22,16,0,32,6,32,26,32,4,5,19,1,42,9,48
114,4.187406,22.071407,France (1830-1848),15,1,1,12,2,20,17,26,37,25,35,2,3,4,2,2,9,12,3,7,5,15,6,15,11,3,23,1,6,20,18,6,10,0,22,35,33,3,6,29,21,7,25,19,6,15,27,18,17,19,36
115,7.6951475,6.031047,French Polynesia,12,1,4,6,6,21,24,23,8,17,23,2,1,0,6,9,3,0,9,1,14,17,17,1,15,20,15,4,1,25,19,29,22,27,3,0,19,30,33,22,16,34,41,27,29,24,12,41,13,24,22
116,-2.140879,7.198853,Frisia,13,0,5,1,4,14,2,31,3,27,34,5,3,4,8,0,6,9,9,10,4,3,1,17,1,11,13,6,10,14,12,16,0,15,6,10,21,27,10,14,38,1,22,44,35,26,18,47,18,52,18
117,3.3969264,-0.2187543,Gabon,6,4,4,6,15,9,0,13,15,22,0,5,4,2,3,9,3,5,0,10,4,16,18,14,16,6,3,16,20,1,11,19,9,20,1,16,12,14,20,0,8,37,9,11,23,19,2,11,14,23,52
118,5.6386027,2.7288582,Gambia,6,4,4,6,6,9,0,23,8,22,20,5,4,2,8,9,3,0,9,1,14,17,17,14,16,20,15,4,1,1,11,19,19,20,1,16,12,14,13,22,8,37,9,11,23,0,12,11,51,23,52
119,-15.497936,-18.332909,Galicia,5,3,6,14,7,12,20,17,20,35,28,0,2,3,7,4,8,7,8,13,11,12,16,4,9,15,14,18,16,18,2,9,15,23,7,22,13,11,27,17,10,17,43,15,44,16,29,34,16,47,53
120,9.168629,-14.954328,Georgia,19,2,0,13,19,13,3,9,4,6,11,4,6,7,0,8,11,10,11,4,12,14,0,9,0,4,21,3,5,21,15,30,1,2,2,8,5,19,38,31,17,19,27,9,32,40,40,14,44,50,2
121,8.119091,7.5918145,"Georgia (1918-1920, 1991-2004)",12,1,4,6,6,21,24,23,8,17,23,2,1,0,6,9,3,0,9,1,14,17,17,1,15,20,15,4,1,25,19,29,22,27,3,0,19,30,33,11,16,34,41,27,29,24,12,41,13,24,22
122,17.842957,11.817425,Georgia (1946-1991),8,1,3,2,8,6,4,6,27,4,49,2,1,0,6,6,4,8,2,15,9,9,13,8,3,7,5,25,7,2,5,15,21,8,10,9,28,9,2,4,9,16,17,17,28,7,6,16,7,48,42
123,-1.471919,-14.756076,Germany (1871-1918),1,2,6,3,3,7,27,28,34,34,29,4,6,3,7,5,2,7,10,11,6,2,9,7,4,19,10,0,18,13,16,22,29,18,8,26,2,4,15,30,1,20,1,2,3,2,22,29,21,8,5
124,5.8181596,21.525854,Germany (1933-1945),15,1,1,12,2,20,17,26,37,25,35,2,3,4,2,2,9,12,3,7,5,15,6,15,11,3,23,1,6,20,18,6,10,0,22,35,33,3,6,29,21,7,25,19,6,15,27,18,17,19,36
125,1.8180914,-28.481936,Germany,10,2,0,7,9,22,7,3,29,23,25,4,6,3,7,8,2,10,4,4,6,11,2,12,20,19,19,9,25,3,6,2,12,11,32,34,8,15,32,5,34,28,11,45,40,27,24,32,37,36,13
126,5.5109496,-10.066021,East Germany,14,2,0,10,12,17,13,9,2,15,22,4,6,7,3,5,5,5,0,5,3,2,9,9,8,4,10,23,9,10,4,8,7,12,27,19,25,1,1,19,17,41,40,24,17,17,13,49,2,15,17
127,2.9451687,8.90412,West Germany (1949-1950),12,1,1,6,6,18,24,23,22,17,24,2,3,4,8,9,3,0,9,1,5,17,1,17,1,20,13,24,26,27,3,16,22,15,17,0,21,18,13,14,22,14,22,44,15,9,37,47,13,4,34
128,6.653896,-1.6511925,Ghana,14,4,4,10,0,9,0,13,15,5,47,5,4,2,3,9,5,5,0,5,14,5,18,14,16,6,8,16,20,1,4,19,19,20,11,29,12,14,20,0,3,22,28,31,23,32,15,50,22,6,3
129,1.818047,-28.482168,West Germany (1952-1990),10,2,0,7,9,22,7,3,29,23,25,4,6,3,7,8,2,10,4,4,6,11,2,12,20,19,19,9,25,3,6,2,12,11,32,34,8,15,32,5,34,28,11,45,40,27,24,32,37,36,13
130,-5.8721585,3.0872886,Gibraltar,2,0,5,1,13,10,12,27,39,27,15,5,4,2,8,0,6,9,7,8,16,13,5,10,13,14,12,8,22,16,27,20,28,24,14,14,0,2,25,32,6,6,42,8,37,30,19,1,40,14,47
131,-13.101862,-3.4356492,Greenland,9,3,9,4,17,19,1,33,1,3,4,0,2,1,4,10,8,11,13,14,1,6,10,18,2,8,2,7,8,9,24,0,2,3,25,30,15,12,4,25,11,3,7,33,0,36,38,8,1,21,28
132,22.29709,2.5048141,Grenada,11,4,7,9,16,1,10,15,26,16,13,1,1,5,5,1,1,6,12,9,0,0,8,13,17,1,4,10,11,15,26,12,11,13,16,32,32,28,30,37,14,39,14,37,31,12,16,2,32,32,14
133,3.1350935,9.264785,West Germany (1950-1952),12,1,1,6,6,18,24,23,22,17,24,2,3,4,8,9,3,0,9,1,5,17,1,17,1,20,13,24,26,27,3,16,22,15,17,0,21,18,13,14,22,14,22,44,15,9,37,47,13,4,34
134,-11.346654,16.297375,Guam,7,0,8,8,18,8,9,30,17,44,2,3,0,6,1,3,7,3,6,2,7,7,11,16,10,16,11,12,13,24,10,27,26,5,13,3,26,13,19,36,39,18,8,42,38,18,23,19,4,13,26
135,13.698776,-4.564803,Guernsey,3,4,7,0,0,16,25,20,25,37,37,1,5,5,5,1,1,2,5,5,10,8,12,3,6,22,22,15,21,22,8,5,6,30,5,2,23,17,17,10,30,36,10,20,25,45,42,4,34,7,31
136,1.4053559,-17.116669,Guatemala,1,2,0,3,3,7,27,34,19,1,3,4,6,3,7,5,2,10,4,11,6,2,2,12,4,19,19,9,5,21,16,22,27,18,20,4,24,21,22,38,13,26,34,7,8,8,4,42,12,40,20
137,-5.0551205,18.802883,Guinea,4,0,1,8,18,3,11,21,31,21,26,3,3,4,2,2,9,12,3,12,2,10,14,6,12,16,1,11,23,7,17,3,20,16,18,12,4,37,36,24,27,11,18,12,42,10,21,27,46,26,23
138,-0.28081068,9.926222,Guinea-Bissau,13,1,1,6,4,14,2,31,3,20,34,5,3,4,8,2,9,0,9,12,5,3,1,17,1,11,13,6,10,14,12,16,0,15,17,10,21,27,10,14,38,1,22,44,35,26,18,47,18,52,18
139,16.549263,5.148016,Guyana,0,4,3,9,16,1,10,15,26,16,1,1,1,0,6,1,1,6,12,9,0,0,8,13,17,1,4,10,11,17,26,12,3,29,16,25,1,28,21,20,14,4,2,4,45,22,16,22,10,1,40
140,1.8494081,1.7798871,Haiti,6,4,4,6,6,9,0,7,14,22,0,5,4,2,8,9,3,0,9,10,4,16,1,14,7,6,3,16,20,27,11,4,9,6,1,16,12,14,28,26,8,37,9,11,23,19,41,11,14,23,52
141,22.374622,6.770459,Haiti (1893-1903),0,4,3,9,16,1,10,15,26,16,13,1,1,0,6,1,1,6,12,9,0,0,8,13,17,1,4,10,11,15,26,12,11,29,16,32,32,28,30,37,14,39,14,37,31,46,16,2,32,32,40
142,-19.151798,-2.3946683,Hawaii (1866-1876),17,3,9,4,14,24,16,22,16,30,21,0,2,1,4,7,0,4,13,6,8,6,10,5,14,21,17,13,12,23,7,23,16,19,9,24,3,31,16,16,4,15,39,16,21,1,14,43,19,18,11
143,-15.563816,8.526878,Hawaii (1876-1893),18,0,8,5,5,2,26,5,21,19,41,3,0,6,1,3,7,3,6,2,7,7,11,11,10,0,9,2,2,6,21,7,5,21,28,11,14,0,12,8,23,5,13,1,19,33,1,10,33,2,4
144,1.5287317,-10.463437,Honduras,1,2,2,3,12,17,27,19,38,15,22,4,6,3,3,5,5,5,10,11,3,2,9,0,8,18,10,23,9,10,16,22,29,12,27,19,2,34,1,40,15,20,1,2,3,2,26,9,41,15,5
145,-9.565234,-16.129473,Hungary,5,3,6,14,7,12,14,17,9,42,6,0,2,3,7,4,10,7,8,13,11,12,16,4,9,15,7,18,16,13,2,9,15,23,7,22,13,11,27,17,10,24,19,39,11,42,8,3,35,16,10
146,-5.94314,7.7006927,Indonesia,13,0,5,1,4,14,12,31,3,0,42,3,3,6,8,0,6,9,7,8,16,3,5,2,5,11,6,19,22,14,12,11,28,24,6,10,22,16,10,32,36,32,26,32,4,26,19,1,42,9,19
147,-18.38952,-7.54464,India,9,3,9,4,17,5,28,10,33,28,4,0,2,1,4,10,8,11,13,14,1,6,10,18,2,8,2,7,8,9,9,13,2,10,0,7,11,5,35,25,20,33,7,5,0,13,38,20,23,5,1
148,-7.796789,-12.993731,Iran,5,3,6,14,10,23,19,0,9,12,16,0,2,3,7,4,10,7,8,0,11,12,16,19,9,2,7,0,18,4,2,28,18,1,12,26,34,4,23,28,1,40,36,39,11,20,22,3,35,16,30
149,-0.45952368,12.82024,Iran (1980-1990),4,1,1,12,4,18,2,8,10,20,5,2,3,4,2,2,9,12,3,12,2,3,14,17,1,11,13,6,10,11,3,21,0,15,17,10,31,8,37,12,12,1,35,26,10,39,46,5,0,4,18
150,2.2095273,12.261641,Iraq (1981-2003),12,1,1,12,4,18,2,8,10,20,5,2,3,4,2,2,9,12,3,12,5,17,6,17,1,3,13,24,26,11,3,21,0,15,17,28,31,8,37,12,12,23,35,3,43,39,3,26,0,4,0
151,-5.123037,-13.777361,Iraq,1,2,6,3,10,23,19,28,34,34,29,4,6,3,7,4,10,7,10,0,11,12,9,19,4,2,7,0,18,13,16,28,29,1,8,26,34,4,15,7,1,40,36,39,33,28,22,29,21,8,5
152,7.5533895,-7.3072953,Ireland,3,4,4,10,15,16,6,20,4,5,7,1,5,7,3,5,5,5,0,5,3,5,12,9,19,22,8,15,21,22,4,18,7,7,11,29,25,1,31,19,3,2,40,25,25,17,13,30,22,33,17
153,13.542857,-6.0808873,Isle of Man,3,4,7,0,0,16,25,20,25,37,7,1,5,5,5,1,1,2,5,5,10,8,12,3,19,22,22,15,21,22,8,5,6,7,29,2,23,17,17,10,33,36,10,20,25,44,42,4,34,7,31
154,5.916328,9.196063,Israel,12,1,4,6,6,18,24,23,22,17,24,2,3,4,6,9,3,0,9,1,5,17,1,1,15,20,15,24,26,25,19,29,22,27,3,0,19,18,33,11,22,34,41,27,29,9,12,41,13,24,22
155,4.758886,6.0050635,Italy (1922-1943),12,1,4,6,6,9,24,23,22,17,24,5,4,2,8,9,3,0,9,1,14,17,1,1,15,20,15,4,1,27,11,16,22,27,3,0,19,18,13,22,22,14,41,27,29,9,37,41,51,24,34
156,7.2513003,4.594029,Italy,12,1,4,6,6,9,24,23,8,17,20,5,4,2,6,9,3,0,9,1,14,17,17,1,15,20,15,4,1,25,11,29,22,27,3,0,19,30,33,22,16,34,41,43,29,0,12,41,13,24,22
157,-15.777016,-2.4089317,Jamaica,9,3,9,4,17,24,28,33,1,3,4,0,2,1,4,10,0,11,13,14,1,6,10,5,2,21,2,13,17,23,24,0,2,3,9,30,11,5,16,25,4,3,39,16,0,36,38,43,45,21,11
158,-23.146942,5.0958805,Japan,17,0,8,5,14,2,5,25,32,29,14,3,0,6,1,7,0,4,1,6,8,4,3,11,14,0,17,13,15,12,7,14,30,14,26,6,27,22,8,23,18,31,37,28,13,6,36,31,11,29,35
159,12.194596,-1.513428,Jersey (1836-2008),3,4,7,9,0,16,15,11,25,2,37,1,5,5,5,1,1,6,0,9,14,5,17,13,6,22,22,15,21,22,8,1,6,30,23,15,23,6,3,39,25,30,21,20,12,45,15,4,3,17,31
160,13.29029,-9.274645,Jersey,3,4,7,0,19,16,6,20,4,37,7,1,5,5,5,1,11,2,11,5,10,8,12,9,19,9,21,3,4,5,15,18,1,7,29,8,5,19,31,3,33,13,10,9,5,44,42,14,34,33,41
161,-9.496545,8.523146,Jordan,13,0,5,1,1,8,23,27,6,11,8,3,0,6,1,3,7,9,7,8,16,13,5,2,5,5,6,19,22,0,1,11,28,24,14,14,22,16,0,32,6,32,26,32,4,5,9,25,42,9,48
162,14.61297,10.831727,Karelia (1950s-1956),8,1,3,2,8,6,4,6,0,24,10,2,1,0,6,6,4,8,2,15,9,9,13,8,3,7,5,25,7,2,5,15,21,8,10,25,18,9,29,4,26,35,2,40,1,37,47,37,50,48,9
163,14.465345,9.883171,Karelia,8,1,3,2,8,6,4,1,0,24,10,2,1,0,6,6,4,8,2,15,9,9,13,8,3,7,5,25,7,2,5,15,3,8,10,25,18,9,29,4,26,35,2,40,1,37,47,37,50,49,9
164,17.24581,-13.867889,Katanga,19,4,7,0,19,4,29,4,30,18,27,1,5,7,0,8,11,2,11,3,12,14,4,20,0,9,21,17,4,5,0,26,25,17,15,31,5,32,14,3,24,13,4,36,5,4,11,28,8,20,8
165,10.02487,0.6488983,Kazakhstan (1992-2006),0,4,4,9,0,9,15,11,25,2,20,1,4,5,5,9,3,6,0,1,14,5,17,14,6,22,22,4,1,1,13,1,19,4,23,15,36,6,3,39,25,30,21,43,12,0,15,50,3,17,45
166,10.83991,3.6797996,Kenya,0,4,4,9,16,21,15,11,8,2,23,1,1,0,6,9,3,0,12,1,14,0,17,1,15,20,15,4,1,17,13,1,3,4,23,15,36,6,3,39,25,30,21,43,30,0,25,22,31,17,6
167,9.0578785,17.190903,Kazakhstan,15,1,3,12,2,20,17,26,24,9,19,2,1,0,2,6,4,8,2,7,5,15,6,15,11,3,23,1,6,20,18,6,17,0,22,35,9,3,26,29,0,42,6,14,46,35,30,6,36,37,36
168,17.316647,-2.780423,Kenya (to 1963),11,4,7,9,11,15,25,29,11,7,37,1,5,5,5,1,1,6,5,9,10,8,8,3,6,10,22,5,11,8,8,5,6,30,5,2,10,10,17,10,30,10,20,20,9,45,32,44,15,41,21
169,10.244806,-5.898277,Kiribati,3,4,7,10,0,16,6,20,25,37,7,1,5,5,5,1,5,5,0,5,3,5,12,9,19,22,8,15,21,22,8,18,6,7,11,29,23,1,31,19,3,2,10,25,25,44,42,4,34,33,31
170,-2.512603,1.8705213,North Korea,6,0,5,11,13,0,0,7,14,27,15,5,4,2,8,0,6,9,7,10,4,16,1,10,7,14,3,8,20,16,14,4,9,6,1,16,0,2,28,26,19,6,24,18,2,30,41,35,40,38,7
171,-16.7259,7.507984,South Korea,18,0,8,5,5,2,26,5,21,19,41,3,0,6,1,7,0,4,1,6,8,4,3,11,10,0,9,2,2,6,21,7,5,21,28,11,14,0,12,8,23,5,37,1,19,33,1,17,33,2,4
172,5.860982,-17.633402,Korean Empire,10,2,0,13,12,13,3,34,19,31,39,4,6,7,0,8,11,10,4,4,6,2,0,12,20,4,0,22,5,21,20,30,27,2,2,4,24,21,22,31,17,19,34,24,8,34,40,42,44,50,32
173,-12.98804,4.431664,Kurdistan,2,0,5,1,1,10,26,5,35,11,30,3,0,6,1,7,0,9,7,8,16,13,5,2,13,5,6,2,17,0,1,0,14,21,14,14,22,25,0,35,23,12,15,8,22,33,28,40,45,46,24
174,-9.320545,9.4797535,Kuwait,13,0,5,1,1,8,23,2,6,0,8,3,0,6,1,3,7,9,6,8,16,3,5,2,5,5,6,19,22,0,1,11,28,24,14,14,26,16,0,32,36,32,26,32,4,5,9,25,42,9,48
175,16.552954,13.0042095,Kyrgyzstan (1946-1992),8,1,3,2,8,6,4,6,27,4,49,2,1,0,6,6,4,8,2,15,9,9,13,8,3,7,5,25,7,2,5,15,21,8,10,9,28,9,2,4,9,16,17,17,28,7,6,16,7,48,42
176,16.832342,10.487899,Kyrgyzstan,8,1,3,2,8,6,4,6,0,24,49,2,1,0,6,6,4,8,2,15,9,9,13,8,3,7,5,25,7,2,5,15,21,8,10,25,18,9,29,4,26,35,17,17,1,37,6,37,50,48,9
177,4.4363256,-16.434269,Laos,1,2,0,3,12,13,27,34,2,31,39,4,6,7,0,8,2,10,4,11,6,2,9,12,20,4,10,22,5,21,16,22,27,2,2,4,24,21,22,15,17,19,34,24,8,41,26,15,2,22,32
178,14.219316,14.597984,Latvia (1945-1990),8,1,3,2,8,6,4,6,27,4,10,2,1,0,6,6,4,8,2,15,9,9,13,8,3,7,5,25,7,2,5,15,21,8,10,9,18,9,2,4,9,35,17,6,28,37,47,16,7,11,9
179,-20.08518,1.3193698,Latvia,17,3,9,4,14,24,16,22,16,30,21,0,0,1,4,7,0,4,1,6,8,4,3,5,14,21,17,13,12,23,7,23,16,19,9,24,3,31,16,16,4,15,39,16,21,1,14,43,19,18,11
180,13.7280655,3.236495,Lesotho,0,4,7,9,16,21,15,11,26,2,1,1,1,5,5,1,1,6,12,9,0,0,17,13,6,1,22,10,11,17,13,1,3,4,23,15,36,6,21,20,25,4,21,4,30,22,25,22,31,1,6
181,6.563967,19.52768,Lebanon,15,1,1,12,2,20,17,26,37,25,35,2,3,4,2,2,9,12,3,7,5,15,6,15,11,3,23,1,6,20,18,6,10,0,22,35,33,3,6,29,21,7,25,19,6,15,27,18,17,19,36
182,3.129161,-5.812802,Liberia,14,2,2,10,15,17,13,13,38,15,22,5,4,2,3,5,5,5,0,5,3,5,18,0,8,18,8,23,9,10,4,8,7,28,27,5,25,1,20,40,29,22,38,41,27,14,35,48,22,45,17
183,-7.4328556,-0.28534445,Libya (1969-2011),2,3,5,11,13,10,8,18,39,43,43,5,4,2,8,0,6,9,7,8,16,13,7,10,13,14,12,8,3,16,27,20,24,25,19,27,20,12,25,9,31,38,42,33,37,30,7,38,49,28,15
184,4.478385,11.861542,Libya,12,1,1,12,2,18,24,8,22,20,5,2,3,4,2,2,9,0,9,1,5,17,6,17,1,3,13,24,26,11,3,21,22,0,17,28,31,18,37,12,22,23,35,3,43,39,3,26,0,4,51
185,-7.670103,6.732044,Liechtenstein,13,0,5,1,1,10,12,27,6,11,46,3,0,6,8,0,6,9,7,8,16,13,5,2,5,5,6,19,22,0,1,20,28,24,14,14,22,16,0,32,6,32,26,8,4,5,19,1,42,9,19
186,13.733143,13.382577,Lithuania (1950-1990),8,1,3,2,8,6,4,6,0,24,10,2,1,0,6,6,4,8,2,15,9,9,13,8,3,7,5,25,7,2,5,15,21,8,10,9,18,9,29,4,26,35,17,40,1,37,47,37,50,11,9
187,-2.5674698,15.206659,Luxembourg (royal anthem),4,0,1,8,4,3,11,8,10,40,12,3,3,4,2,2,9,12,3,12,2,10,14,6,12,11,1,11,23,7,17,21,20,16,18,12,4,8,36,24,12,11,18,26,10,3,46,5,43,26,46
188,-2.3994563,15.454565,Luxembourg (national anthem),4,0,1,8,4,3,11,8,10,40,12,3,3,4,2,2,9,12,3,12,2,10,14,6,12,11,1,11,23,7,17,21,20,16,18,12,4,8,36,24,12,11,18,26,10,3,46,5,43,26,46
189,12.403411,12.968046,Lithuania,8,1,3,2,8,6,4,6,0,24,10,2,1,0,6,6,4,8,2,15,9,9,13,8,3,7,5,25,7,2,5,15,21,8,10,9,18,9,29,4,26,35,17,40,1,37,47,37,50,11,9
190,-0.93509805,20.48582,Macedonia,4,1,1,12,2,3,11,21,31,40,26,2,3,4,2,2,9,12,3,12,2,10,14,6,12,3,1,11,23,7,17,3,10,16,18,12,4,37,36,24,27,11,18,12,42,3,21,27,24,26,46
191,1.3891925,6.236088,Madagascar,6,1,4,6,6,14,2,23,22,27,34,5,4,2,8,9,3,0,9,10,4,17,1,17,1,20,13,6,10,27,11,16,22,15,1,16,21,18,13,14,38,14,22,44,15,9,37,47,51,52,34
192,-16.524551,2.6906908,Madagascar (to 1896),17,0,9,4,14,24,26,5,35,30,30,3,0,6,4,7,0,4,1,6,8,4,3,5,14,21,17,2,17,23,7,0,14,3,9,11,3,25,16,35,4,15,15,16,21,33,28,17,45,46,24
193,18.167833,2.8959177,Malawi,0,4,7,9,16,1,10,15,26,16,13,1,1,5,5,1,1,6,12,9,0,0,8,13,17,1,4,10,11,15,26,12,11,29,16,32,1,28,30,37,14,39,14,37,45,22,16,2,10,1,40
194,-14.814446,-6.5755935,Madeira Islands,9,3,9,4,17,5,1,10,1,28,4,0,2,1,4,10,8,11,13,14,1,6,10,18,2,8,2,7,8,9,24,13,2,10,25,7,11,5,4,25,11,3,7,5,0,13,38,8,1,30,28
195,-10.194172,-1.8792397,Maldives,2,3,5,11,1,19,8,33,39,43,43,0,2,1,4,0,6,9,7,8,16,13,7,10,13,14,12,8,3,16,27,0,24,25,19,30,15,12,25,35,31,38,42,33,22,36,7,38,49,21,15
196,9.551938,17.650768,Malaysia,15,1,3,12,2,20,17,26,24,9,19,2,1,0,2,6,4,8,2,7,5,15,6,15,11,3,23,1,6,20,18,6,17,0,22,35,9,3,26,29,0,42,6,14,46,35,30,6,36,37,36
197,4.371734,1.7583902,Mali,6,4,4,6,6,9,0,7,15,22,20,5,4,2,8,9,3,0,9,10,4,16,1,14,16,6,3,16,20,1,11,19,19,20,1,16,12,14,20,22,8,37,9,11,23,19,2,11,51,23,52
198,-17.161165,10.263037,Malta,18,0,8,5,5,2,21,12,21,19,41,3,0,6,1,3,7,3,6,2,7,7,11,11,10,0,9,21,2,6,21,7,5,21,28,11,14,0,12,8,23,5,13,1,19,23,1,10,33,2,25
199,-1.0878907,19.576225,Manchukuo (1933-1942),4,1,1,12,2,3,11,21,31,40,26,2,3,4,2,2,9,12,3,12,2,10,14,6,12,3,1,11,23,7,17,3,10,16,18,12,4,37,36,24,27,11,18,12,42,3,21,27,24,26,46
200,1.5843376,-21.306286,Marshall Islands (1979-1991),10,2,0,7,3,7,7,34,19,1,3,4,6,3,7,8,2,10,4,4,6,11,2,12,20,19,19,9,25,3,6,2,4,18,20,4,24,36,22,38,13,26,34,7,14,8,4,42,12,40,20
201,18.398996,-8.064971,Marshall Islands,11,4,7,0,11,15,25,29,11,33,45,1,5,5,5,1,1,2,5,3,10,8,4,3,21,10,20,5,4,8,0,5,31,31,5,23,16,17,14,27,5,36,33,36,5,4,0,13,25,25,37
202,-7.264914,11.740369,Mauritania (1960-2017),13,0,5,8,4,8,23,2,17,0,42,3,3,6,1,3,7,3,6,12,2,3,14,2,5,11,6,19,22,14,12,11,26,5,13,3,26,13,19,2,36,32,0,32,38,18,9,25,43,27,48
203,10.856369,-1.5688574,Mauritania,3,4,4,10,0,16,15,11,25,2,37,1,5,5,5,1,1,6,0,5,14,5,17,14,6,22,22,15,21,22,8,1,6,4,23,15,23,6,3,39,25,30,21,25,12,32,15,50,3,17,45
204,-14.07959,-10.164717,Mauritius,9,3,9,14,17,5,1,10,1,28,38,0,2,1,4,10,8,11,13,14,1,6,10,18,2,8,2,7,8,9,24,13,2,10,25,1,11,20,4,1,11,3,16,5,39,13,5,8,1,30,28
205,14.496271,8.654848,Micronesia,0,1,3,2,16,21,4,1,0,24,1,2,1,0,6,6,4,8,12,15,9,9,13,8,3,7,5,25,7,2,5,15,3,29,10,25,18,9,29,20,26,35,2,40,1,37,47,37,50,49,9
206,-11.071624,12.397818,Micronesia (1979-1991),7,0,8,8,18,8,23,2,17,44,8,3,0,6,1,3,7,3,6,2,7,7,11,16,5,16,11,12,13,24,1,11,26,5,13,3,26,13,19,2,39,18,0,42,38,18,23,25,27,27,26
207,-4.2602353,-12.616397,Mexico,1,2,6,3,10,23,19,28,34,34,29,4,6,3,7,4,10,1,10,0,15,1,9,19,4,2,16,0,18,4,16,28,29,1,8,26,34,4,15,7,1,40,36,2,3,2,22,29,21,8,5
208,-2.935916,-20.298616,Moldova,5,2,6,7,3,7,7,14,28,26,31,4,6,3,7,4,2,7,4,13,6,11,2,7,4,19,19,9,0,13,25,2,4,18,30,13,29,26,5,13,13,0,5,21,41,11,31,33,5,12,33
209,6.443207,19.880978,Monaco,15,1,1,12,2,20,17,26,37,25,35,2,3,4,2,2,9,12,3,7,5,15,6,15,11,3,23,1,6,20,18,6,10,0,22,35,33,3,6,29,21,7,25,19,6,15,27,18,17,19,36
210,-3.143574,4.14662,Mongolia,6,0,5,1,13,14,12,7,14,27,15,5,4,2,8,0,6,9,7,10,4,16,1,10,7,14,3,6,10,14,14,4,28,6,6,16,0,2,28,26,38,6,24,18,2,30,41,35,40,14,7
211,10.128544,-15.349885,Montenegro,19,2,0,13,19,4,3,9,4,6,11,4,6,7,0,8,11,10,11,4,12,14,0,20,0,9,21,3,5,21,15,30,1,2,2,8,5,19,38,31,7,19,27,9,32,40,40,14,44,50,2
212,-1.8158183,-18.458847,Morocco,1,2,6,7,3,7,7,28,28,1,3,4,6,3,7,4,2,7,4,11,6,11,2,7,4,19,19,9,0,13,25,2,4,18,20,13,29,26,5,30,13,0,5,21,33,28,4,33,5,12,20
213,7.269235,-5.9986777,Montserrat,3,4,4,10,15,16,13,13,15,5,47,5,4,2,3,5,5,5,0,5,3,5,18,9,19,22,8,15,21,22,4,8,7,7,11,29,25,1,31,19,3,2,28,25,25,32,13,30,22,6,17
214,-8.556939,4.929365,Mozambique (1975-2002),2,0,5,1,1,10,12,27,6,11,46,3,0,6,8,0,6,9,7,8,16,13,5,2,13,5,6,19,22,0,1,20,28,24,14,14,22,16,0,32,6,12,26,8,4,5,19,1,6,9,47
215,-6.9437194,6.3507166,Montenegro (1870-1918),13,0,5,1,1,10,12,27,6,11,46,3,0,6,8,0,6,9,7,8,16,13,5,2,5,5,6,19,22,0,1,20,28,24,14,14,22,16,0,32,6,32,26,8,4,5,19,1,42,9,19
216,-6.637306,3.848948,Mozambique,2,0,5,1,1,10,12,27,6,11,15,5,4,2,8,0,6,9,7,8,16,13,5,2,13,14,6,8,22,0,27,20,28,24,14,14,22,16,25,32,6,12,42,8,4,30,19,1,6,14,47
217,14.473773,0.84149367,Namibia,0,4,7,9,16,1,15,11,25,2,37,1,5,5,5,1,1,6,12,9,0,0,8,13,6,1,22,10,11,17,13,1,6,30,23,15,10,6,3,39,30,4,20,4,12,22,25,22,3,41,6
218,12.754776,-3.8194141,Myanmar,3,4,7,10,0,16,25,20,25,37,37,1,5,5,5,1,1,2,5,5,10,5,12,3,6,22,22,15,21,22,8,5,6,30,5,2,23,17,17,10,30,2,10,20,25,45,42,4,34,7,31
219,9.779976,6.866682,Nauru,12,1,4,6,6,21,24,1,8,17,23,2,1,0,6,9,3,0,9,1,14,17,17,1,15,20,15,4,1,25,19,29,3,27,3,0,19,30,33,11,16,34,41,27,30,24,12,41,31,49,22
220,17.34771,-11.32162,Nepal (1962-2006),19,4,7,0,19,4,29,4,30,18,27,1,5,5,5,1,11,2,11,3,10,8,4,20,0,9,21,17,4,5,0,26,31,31,15,31,16,32,14,3,24,13,4,36,5,4,11,28,8,20,8
221,-13.2534685,-7.80686,Newfoundland,9,3,9,14,17,5,1,10,1,28,38,0,2,1,4,10,8,11,13,14,1,6,10,18,2,8,2,7,8,9,24,13,2,10,25,1,11,20,4,1,11,3,7,5,39,13,5,8,1,30,28
222,-4.915614,8.046757,Nepal,13,0,5,1,4,14,2,31,3,0,42,3,3,4,8,0,6,9,7,8,16,3,5,2,5,11,6,6,10,14,12,11,0,24,6,10,21,27,10,32,36,32,0,32,35,26,18,1,18,52,19
223,-15.946997,-16.856188,Netherlands Antilles,5,3,6,14,7,12,20,17,20,35,28,0,2,3,7,4,8,7,8,13,11,12,16,4,9,15,14,18,16,18,2,9,15,23,7,22,13,11,27,17,10,17,43,15,44,16,29,34,16,47,53
224,4.854481,-1.0426872,Niger,14,4,4,10,15,9,0,13,15,22,47,5,4,2,3,9,5,5,0,10,14,5,18,14,16,6,3,16,20,1,4,19,19,20,11,29,12,14,20,0,8,22,9,31,23,32,2,11,14,23,3
225,-0.6817374,1.8505433,New Zealand,6,0,4,6,13,0,0,7,14,27,0,5,4,2,8,0,6,9,9,10,4,16,1,10,7,6,3,16,20,27,14,4,9,6,1,16,0,2,28,26,8,6,24,18,2,19,41,35,40,38,7
226,5.140929,5.159753,Nicaragua,12,1,4,6,6,9,24,23,8,17,24,5,4,2,8,9,3,0,9,1,14,17,1,1,15,20,15,4,1,27,11,16,22,27,3,0,19,18,13,22,22,14,41,27,29,9,12,41,51,24,34
227,12.338024,6.128087,Nigeria (1960-1978),0,1,3,9,16,21,15,1,8,2,1,2,1,0,6,9,3,6,12,1,14,0,17,1,15,1,15,4,1,17,13,1,3,4,23,25,36,30,21,20,16,4,2,4,30,24,25,22,31,49,6
228,11.543812,5.2537155,Nigeria,0,4,4,9,16,21,15,1,8,2,23,2,1,0,6,9,3,0,12,1,14,0,17,1,15,20,15,4,1,17,13,1,3,4,23,15,36,30,21,20,16,4,2,4,30,24,25,22,31,49,6
229,-10.6933565,18.189249,Norfolk Island,7,0,8,8,18,8,9,30,17,44,2,3,3,6,1,3,7,3,6,2,7,7,11,16,12,16,11,12,13,24,10,27,26,5,13,3,26,13,19,36,39,18,8,42,38,18,23,19,4,13,26
230,-18.58002,11.671426,Niue,18,0,8,5,5,2,21,12,21,8,41,3,0,6,1,3,7,3,6,2,7,7,11,11,10,0,9,21,2,6,21,7,5,9,28,11,14,0,12,6,35,5,13,1,19,23,17,10,33,2,25
231,-17.07635,19.511103,Northern Ireland,7,0,8,5,18,11,9,30,7,36,2,3,0,6,1,3,7,3,6,2,7,7,11,16,10,12,11,12,13,24,10,27,13,9,4,20,7,29,24,36,2,25,8,10,7,29,34,46,48,34,12
232,-6.0600896,-18.721409,Norway (to 1820),5,2,6,7,3,7,14,14,28,26,6,4,6,3,7,4,2,7,8,13,11,12,2,7,4,15,7,0,0,13,25,9,4,18,30,13,29,26,5,13,1,0,19,21,33,28,8,21,5,39,10
233,-0.9765152,18.203362,Orange Free State,4,1,1,12,2,3,11,21,31,40,26,2,3,4,2,2,9,12,3,12,2,10,14,6,12,3,1,11,23,7,17,3,10,16,18,12,4,37,36,24,27,11,18,12,42,3,21,27,24,26,46
234,-5.8579926,-18.317333,Norway (1820-1864),5,2,6,7,3,7,14,14,28,26,6,4,6,3,7,4,2,7,8,13,11,12,2,7,4,15,7,0,0,13,25,9,4,18,30,13,29,26,5,13,1,0,19,21,33,28,8,33,5,39,10
235,-13.033303,1.3161682,Oman,2,3,5,4,1,10,26,33,35,30,30,0,0,1,4,7,0,9,7,8,16,13,5,5,13,5,12,2,17,0,27,0,14,3,9,30,22,25,25,35,31,12,15,33,22,36,28,40,45,46,24
236,8.656176,-10.523068,Norway (royal anthem),3,2,0,10,19,16,6,9,4,37,7,4,5,7,0,5,5,5,11,5,3,2,12,9,19,4,8,3,21,21,15,18,1,7,29,8,5,19,31,19,33,41,40,9,17,17,13,14,39,33,41
237,-12.036014,-13.544821,Norway,5,3,6,14,7,12,14,17,9,42,28,0,2,3,7,4,8,7,8,13,11,12,16,4,9,15,7,18,16,18,2,9,15,23,7,22,13,11,27,17,10,24,16,39,11,42,29,3,35,16,53
238,-2.1451566,-8.0863,Olympics,16,2,2,11,10,23,19,19,34,34,44,5,4,2,3,5,10,1,10,0,15,1,9,0,18,18,16,20,18,10,23,10,29,28,12,33,34,34,15,7,15,8,36,2,16,14,10,9,9,0,50
239,9.636401,-9.514892,Palau,3,4,0,10,19,16,6,20,4,37,7,1,5,7,0,5,5,5,11,5,3,5,12,9,19,22,8,3,21,22,15,18,1,7,29,8,5,19,31,19,33,2,40,9,17,17,13,14,39,33,41
240,0.84583336,15.055307,Pakistan,4,1,1,12,2,3,17,8,10,20,5,2,3,4,2,2,9,12,3,12,5,10,6,17,1,3,13,11,26,11,3,21,10,0,17,28,31,8,37,12,12,23,35,3,43,39,3,26,0,4,0
241,4.0532737,12.548478,Palestine,12,1,1,12,2,18,17,8,22,20,5,2,3,4,2,2,9,12,3,12,5,17,6,17,1,3,13,24,26,11,3,21,17,0,17,28,31,8,37,12,12,23,35,3,43,39,3,26,0,4,51
242,6.972997,-23.646162,Panama,10,2,0,13,9,13,3,3,13,41,18,4,6,7,0,8,11,10,4,4,6,11,0,12,20,13,0,22,25,19,20,30,12,26,33,17,8,36,11,5,7,9,11,23,24,43,33,0,26,3,29
243,-0.111086965,-12.223971,Peru,1,2,2,3,12,17,27,19,34,34,29,4,6,3,3,5,10,1,10,11,15,2,9,0,8,18,10,23,18,10,16,22,29,12,8,19,2,4,15,7,15,20,1,2,3,2,26,9,41,8,5
244,-11.012648,6.4697237,Poland,2,0,5,1,1,10,26,27,6,11,46,3,0,6,1,0,6,9,7,8,16,13,5,2,5,5,6,19,22,0,1,20,28,24,14,14,22,16,0,32,6,12,26,8,4,5,19,40,42,9,48
245,0.115203574,-10.670162,Paraguay,1,2,2,3,12,17,27,19,34,34,29,4,6,3,3,5,10,1,10,11,15,2,9,0,8,18,10,23,9,10,16,22,29,12,8,19,2,34,1,7,15,20,1,2,3,2,26,9,41,15,5
246,-4.455509,20.56069,Papua New Guinea,4,0,1,8,18,3,11,21,31,21,26,3,3,4,2,2,9,12,3,12,2,10,14,6,12,16,1,11,23,7,17,3,20,16,18,12,4,37,36,24,27,11,18,12,42,10,21,27,46,26,23
247,16.286394,-5.9220233,Pitcairn Islands,11,4,7,0,11,15,25,29,11,33,45,1,5,5,5,1,1,2,5,3,10,8,4,3,21,10,20,5,4,8,8,5,31,31,5,2,16,17,17,27,5,36,33,20,9,45,0,13,25,7,37
248,-3.1668386,10.290414,Philippines,13,0,1,1,4,14,2,31,3,0,42,3,3,4,8,2,9,9,3,12,2,3,14,17,1,11,13,6,10,14,12,11,0,15,6,10,21,27,10,14,36,1,0,26,35,26,18,5,18,52,18
249,-16.185106,-5.01354,Rhodesia,9,3,9,4,17,5,28,10,1,3,4,0,2,1,4,10,8,11,13,14,1,6,10,18,2,8,2,7,8,9,24,13,2,10,25,7,11,5,4,25,11,3,7,5,0,13,38,8,1,30,28
250,-9.256636,-6.4616885,Qatar,16,3,2,11,10,19,8,0,23,12,16,0,2,1,4,10,10,1,13,0,15,1,7,19,18,2,16,20,3,4,23,10,18,25,12,1,15,35,23,28,37,38,31,13,16,20,10,24,28,43,30
251,-12.792936,-15.363849,Réunion,5,3,6,14,7,12,14,17,9,42,28,0,2,3,7,4,8,7,8,13,11,12,16,4,9,15,7,18,16,18,2,9,15,23,7,22,13,11,27,17,10,24,43,15,11,42,29,3,35,16,53
252,20.519943,-6.5798745,Puerto Rico,11,4,7,0,11,15,25,29,11,33,45,1,5,5,5,1,1,2,5,3,10,8,4,3,21,10,20,5,19,8,22,25,31,31,5,23,16,17,7,27,5,36,33,0,9,4,0,13,25,25,37
253,18.16132,-14.455466,Portugal (1809-1834),19,4,7,0,19,4,29,4,30,18,27,1,5,7,0,8,11,2,11,3,12,14,4,20,0,9,21,17,4,5,0,26,25,17,15,31,5,32,14,3,24,13,4,36,5,4,11,28,8,20,8
254,3.1263266,-8.564417,Portugal,14,2,2,10,15,17,13,19,38,15,22,4,4,2,3,5,5,5,10,11,3,2,9,0,8,18,10,23,9,10,4,8,7,12,27,19,25,1,1,40,29,41,38,41,27,14,35,49,41,15,17
255,-20.374786,16.15498,Russia (1833-1917),7,0,8,5,5,11,21,12,7,8,33,3,0,6,1,3,7,3,6,2,7,7,11,16,10,12,9,21,2,6,21,27,13,9,4,20,7,29,12,6,35,25,13,10,7,23,17,46,20,51,12
256,-9.642888,6.637623,Romania (1866-1947),2,0,5,1,1,10,12,27,6,11,46,3,0,6,1,0,6,9,7,8,16,13,5,2,5,5,6,19,22,0,1,20,28,24,14,14,22,16,0,32,6,32,26,8,4,5,19,1,42,9,48
257,18.11523,24.658745,Russia (1918-1922),8,1,3,2,8,20,22,24,18,32,9,2,1,0,6,6,4,8,2,15,13,15,15,8,3,17,18,14,24,26,28,24,8,22,21,18,17,24,18,18,41,29,30,34,20,25,20,23,47,10,43
258,-8.669253,2.2334704,Romania (1977-1990),2,0,5,1,1,10,12,27,39,11,46,3,0,6,8,0,6,9,7,8,16,13,5,2,13,14,12,8,22,0,27,20,28,24,14,14,22,12,25,32,31,12,42,8,22,30,19,40,6,14,47
259,-16.12383,17.703012,Russia (1816-1833),7,0,8,5,18,11,9,30,7,36,2,3,0,6,1,3,7,3,6,2,7,7,11,16,10,12,11,12,13,24,10,27,13,9,4,20,7,29,24,36,2,25,8,10,7,29,34,46,48,34,12
260,-5.763225,-6.900677,Romania,16,3,2,11,10,23,8,0,23,12,16,0,2,2,3,5,10,1,10,0,15,1,7,19,18,2,16,20,3,4,23,10,18,1,12,33,34,35,23,28,37,8,31,13,16,20,10,24,28,43,30
261,-9.427527,3.8500452,Romania (1948-1953),2,0,5,1,1,10,12,27,6,11,46,3,0,6,8,0,6,9,7,8,16,13,5,2,13,5,6,19,22,0,27,20,28,24,14,14,22,16,25,32,6,12,42,8,22,5,19,40,6,9,47
262,-9.963544,2.5152874,Romania (1953-1977),2,0,5,1,1,10,12,27,39,11,46,3,0,6,8,0,6,9,7,8,16,13,5,2,13,5,12,8,22,0,27,20,28,24,14,14,22,25,25,35,31,12,42,8,22,5,19,40,6,46,47
263,-1.0304834,4.0666194,Rwanda,6,0,4,6,13,14,0,7,14,27,34,5,4,2,8,0,6,9,9,10,4,16,1,10,7,6,3,6,10,27,14,4,9,6,1,16,0,2,28,26,38,6,24,18,2,19,41,35,40,38,7
264,-14.360899,-20.057821,St. Barthélemy,5,3,6,14,7,12,14,17,20,35,28,0,2,3,7,4,8,7,8,13,11,12,16,4,9,15,7,18,16,18,2,9,15,23,7,22,13,11,27,17,10,17,43,15,44,16,29,34,16,47,53
265,-0.75364906,2.861799,Rwanda (1962-2001),6,0,4,6,13,0,0,7,14,27,0,5,4,2,8,0,6,9,9,10,4,16,1,10,7,6,3,16,20,27,14,4,9,6,1,16,0,2,28,26,38,6,24,18,2,19,41,35,40,38,7
266,16.574965,-6.487661,St. Helena,11,4,7,0,11,15,25,29,11,33,45,1,5,5,5,1,1,2,5,3,10,8,4,3,21,10,20,5,4,8,8,5,31,31,5,2,16,17,17,27,5,36,33,20,9,45,0,13,25,7,37
267,-12.260456,-6.194056,St. Kitts and Nevis,9,3,9,14,17,19,1,33,1,3,38,0,2,1,4,10,8,11,13,14,1,6,10,18,2,8,2,7,8,9,24,13,2,10,25,1,15,20,4,1,11,3,7,5,39,13,5,8,1,30,28
268,11.613317,15.556486,Russia,8,1,3,2,8,6,4,26,24,9,10,2,1,0,6,6,4,8,2,7,9,9,13,8,3,7,5,25,7,2,5,6,17,8,10,9,9,3,26,29,0,42,6,14,46,35,30,6,36,37,9
269,-10.267819,-21.110575,Saarland,5,2,6,7,7,12,14,14,9,26,6,4,6,3,7,4,2,7,8,13,11,12,16,4,9,15,7,18,0,13,25,9,15,23,30,22,13,11,27,17,10,24,19,21,44,42,8,21,5,39,10
270,-11.37817,15.376475,St. Vincent and the Grenadines,7,0,8,8,18,8,9,30,17,44,2,3,0,6,1,3,7,3,6,2,7,7,11,16,10,16,11,12,13,24,10,27,26,5,13,3,26,13,19,2,39,18,8,42,38,18,23,19,4,13,26
271,5.517831,-3.2043042,Samoa,14,4,4,10,15,9,13,13,15,5,47,5,4,2,3,9,5,5,0,5,3,5,18,14,16,6,8,16,20,1,4,19,19,20,11,29,12,1,20,0,3,22,28,31,23,32,2,48,22,6,3
272,12.118102,-7.664752,St. Lucia,3,4,7,10,19,16,6,20,4,37,7,1,5,5,5,1,5,2,11,5,10,5,12,9,19,22,8,15,21,22,8,18,1,7,29,8,23,19,31,19,33,2,10,25,25,44,42,4,34,33,41
273,-19.324871,-13.526914,St. Martin,9,3,9,14,7,5,20,17,20,14,36,0,2,1,4,10,8,11,13,14,1,6,16,18,2,8,14,7,8,18,9,13,15,10,7,7,6,20,35,33,20,17,29,35,34,47,48,39,23,47,44
274,-3.47092,-5.1395636,San Marino (to 1894),16,3,2,11,10,0,8,18,5,10,44,5,4,2,3,5,10,1,10,0,15,1,7,10,18,18,16,20,3,16,23,10,24,28,19,33,20,33,9,9,19,8,12,30,16,31,10,12,9,0,39
275,4.527087,-14.401967,Sao Tome and Principe,1,2,0,3,12,13,27,9,2,31,39,4,6,7,0,5,5,10,4,11,3,2,9,9,8,4,10,23,5,21,16,22,27,2,2,19,24,21,22,15,17,19,1,24,8,41,26,15,2,22,32
276,-7.1197085,-0.32689852,Saudi Arabia,2,3,5,11,13,10,8,18,39,43,43,5,4,2,8,0,6,9,7,8,16,13,7,10,13,14,12,8,3,16,27,20,24,25,19,27,20,12,25,9,31,38,42,33,37,30,7,38,49,28,15
277,-5.8572273,14.976682,Seychelles,4,0,1,8,4,8,23,2,17,44,12,3,3,4,2,2,9,12,3,12,2,3,14,6,12,16,1,11,23,7,12,11,20,5,13,3,26,13,19,2,39,18,0,26,10,18,46,19,43,27,26
278,-11.581493,-15.335396,Scotland,5,3,6,14,7,12,14,17,9,42,28,0,2,3,7,4,8,7,8,13,11,12,16,4,9,15,7,18,16,18,2,9,15,23,7,22,13,11,27,17,10,24,43,39,11,42,29,3,35,16,53
279,4.859241,1.1767468,Senegal,6,4,4,6,6,9,0,13,15,22,20,5,4,2,3,9,3,0,0,10,14,16,18,14,16,6,3,16,20,1,11,19,19,20,1,16,12,14,20,22,8,37,9,11,23,19,2,11,14,23,52
280,2.3442347,2.6293762,Seychelles (1978-1996),6,4,4,6,6,9,0,7,14,22,0,5,4,2,8,9,3,0,9,10,4,16,1,14,7,6,3,16,20,27,11,4,9,6,1,16,12,14,28,26,8,37,9,11,23,19,41,11,51,23,52
281,15.618505,-2.6216104,Seychelles (1976-1978),11,4,7,9,0,15,25,29,11,7,37,1,5,5,5,1,1,6,5,9,10,8,8,3,6,10,22,5,11,8,8,5,6,30,5,2,10,10,17,10,30,10,20,20,9,45,32,44,15,41,21
282,-13.770019,-7.0212307,Sierra Leone,9,3,9,14,17,5,1,10,1,28,38,0,2,1,4,10,8,11,13,14,1,6,10,18,2,8,2,7,8,9,24,13,2,10,25,1,11,20,4,1,11,3,7,5,39,13,5,8,1,30,28
283,0.93246186,-0.69249403,Singapore,6,4,4,6,13,0,0,7,14,22,0,5,4,2,3,9,6,5,0,10,4,16,18,14,7,6,3,16,20,1,14,4,9,6,1,16,12,14,28,26,8,37,9,18,2,19,2,11,14,38,52
284,-19.324469,-13.52617,Sint Maarten,9,3,9,14,7,5,20,17,20,14,36,0,2,1,4,10,8,11,13,14,1,6,16,18,2,8,14,7,8,18,9,13,15,10,7,7,6,20,35,33,20,17,29,35,34,47,48,39,23,47,44
285,-11.064352,14.334273,Solomon Islands,7,0,8,8,18,8,23,2,17,44,2,3,0,6,1,3,7,3,6,2,7,7,11,16,5,16,11,12,13,24,10,11,26,5,13,3,26,13,19,2,39,18,8,42,38,18,23,19,4,13,26
286,24.97108,-7.221455,Slovakia,11,4,7,0,11,15,18,16,36,39,32,1,5,5,5,1,1,2,5,3,10,8,4,3,21,10,20,5,19,8,22,25,23,32,31,23,35,23,7,21,32,21,23,38,26,38,43,45,38,42,27
287,6.6195283,16.289688,Somalia (2000-2012),15,1,1,12,2,18,17,26,24,9,19,2,3,4,2,2,9,12,3,7,5,15,6,15,11,3,23,1,6,20,18,6,17,0,22,35,9,3,26,29,0,42,6,14,46,35,30,6,36,37,36
288,0.34646922,-7.3073483,Somalia,14,2,2,3,15,17,13,19,38,15,22,5,4,2,3,5,5,5,10,0,15,1,9,0,8,18,16,23,9,10,4,8,7,28,27,5,25,34,1,40,29,8,38,41,27,14,35,9,9,45,50
289,-21.996948,-0.40406966,South Africa,17,3,9,4,14,24,16,22,16,13,21,0,0,1,4,7,0,4,1,6,8,4,3,5,14,21,17,13,12,23,7,23,16,19,24,24,3,31,16,16,28,15,3,29,18,1,14,7,19,18,49
290,4.863177,-3.8908424,South Sudan,14,4,4,10,15,9,13,13,15,5,47,5,4,2,3,5,5,5,0,5,3,5,18,14,16,6,8,16,9,1,4,19,7,20,11,29,25,1,20,0,3,22,28,31,27,32,2,48,22,6,3
291,-15.533493,3.1541166,Somaliland,17,0,5,4,1,24,26,5,35,30,30,3,0,6,4,7,0,4,1,6,8,4,3,5,14,21,17,2,17,23,7,0,14,3,9,11,3,25,16,35,4,12,15,16,21,33,28,17,45,46,24
292,-18.079834,-5.526025,South Ossetia,9,3,9,4,17,5,28,10,33,28,4,0,2,1,4,10,8,11,13,14,1,6,10,18,2,8,2,7,8,9,24,13,2,10,0,7,11,5,35,25,20,33,7,5,0,13,38,20,1,5,1
293,-15.703437,-7.571162,South Africa (1957-1997),9,3,9,4,17,5,1,10,1,28,4,0,2,1,4,10,8,11,13,14,1,6,10,18,2,8,2,7,8,9,24,13,2,10,25,7,11,5,4,25,11,3,7,5,0,13,38,8,1,30,28
294,-23.304415,-0.860445,South Africa (1994-1997),17,3,9,4,14,24,16,22,16,13,21,0,0,1,4,7,0,4,1,6,8,4,3,5,14,21,17,13,12,23,7,23,16,19,24,24,3,31,16,16,28,15,3,29,18,1,14,7,19,18,49
295,6.9857097,14.884999,South Vietnam (1948-1975),15,1,1,12,2,18,17,26,24,9,19,2,3,4,2,2,9,12,3,7,5,15,6,15,11,3,23,24,26,11,3,6,17,0,22,28,9,3,26,29,0,42,6,14,46,35,30,6,36,37,51
296,-2.9944234,-1.7047817,"Spain (1822-1823, 1931-1939)",6,3,2,11,13,0,8,18,5,10,0,5,4,2,3,0,6,1,7,10,4,16,7,10,7,14,3,8,3,16,14,4,24,28,19,27,20,33,9,9,19,6,12,30,37,31,7,12,49,28,39
297,8.297676,-2.4865804,South Vietnam (1975-1976),3,4,4,10,0,16,15,13,15,5,47,5,4,2,3,9,5,5,0,5,14,5,18,14,16,22,8,15,21,22,4,19,19,20,11,29,23,1,3,0,3,30,28,25,25,32,15,50,22,6,45
298,-22.160027,-9.13081,Sovereign Military Order of Malta,9,3,9,4,17,5,28,10,33,14,36,0,2,1,4,10,8,11,13,14,1,6,10,18,2,8,14,7,8,9,9,13,2,10,0,7,6,5,35,33,20,33,29,35,34,47,48,20,23,5,1
299,8.735891,2.530598,Srpska,0,4,4,6,6,9,15,11,8,2,20,5,4,2,5,9,3,0,9,1,14,5,17,14,15,20,15,4,1,1,13,1,19,4,23,15,36,6,3,22,25,30,21,43,12,0,15,50,3,17,45
300,-13.003405,0.7732091,Sudan,2,3,5,4,1,10,26,33,35,30,30,0,0,1,4,7,0,9,7,8,16,13,5,5,13,5,12,2,17,0,27,0,14,3,9,30,22,25,25,35,31,12,15,33,22,36,28,40,45,46,24
301,2.8423667,3.782273,Suriname,6,1,4,6,6,9,0,7,14,22,24,5,4,2,8,9,3,0,9,10,4,16,1,14,7,6,3,16,20,27,11,16,9,6,1,16,12,14,13,22,8,37,9,11,23,19,37,11,51,23,52
302,-18.396925,-8.11511,Sweden (national anthem),9,3,9,4,17,5,28,10,33,28,4,0,2,1,4,10,8,11,13,14,1,6,10,18,2,8,2,7,8,9,9,13,2,10,0,7,11,5,35,25,20,33,7,5,0,13,38,20,23,5,1
303,-13.27968,8.272708,Sweden (royal anthem),18,0,8,1,1,8,26,5,21,19,8,3,0,6,1,3,7,3,6,8,7,13,5,2,5,5,6,2,2,0,1,7,5,21,28,11,14,0,0,8,23,5,26,1,19,33,1,25,27,2,4
304,-6.8550982,21.034718,Syria,4,0,1,8,18,3,11,21,31,21,26,3,3,4,2,2,9,12,3,12,2,10,14,6,12,16,1,11,23,7,17,3,20,16,18,12,4,37,36,24,27,11,18,12,42,10,21,27,46,26,23
305,-0.019032516,-5.520239,Taiwan (alternate anthem),14,2,2,11,15,17,13,19,38,10,44,5,4,2,3,5,5,5,10,0,15,1,18,0,8,18,16,23,9,10,4,8,7,28,27,5,25,34,9,40,29,8,38,41,27,14,35,9,9,45,50
306,18.245346,14.944456,Tajikistan (1946-1994),8,1,3,2,8,6,4,6,27,4,49,2,1,0,6,6,4,8,2,15,9,9,13,8,3,7,5,25,7,2,5,15,21,8,10,9,28,9,2,4,9,16,17,6,28,7,39,16,7,11,42
307,-4.3260818,5.026578,Tajikistan,13,0,5,1,13,14,12,31,3,27,15,5,4,2,8,0,6,9,7,8,16,3,5,2,7,11,6,6,22,14,14,20,28,24,6,14,0,2,10,32,38,6,24,8,35,30,19,1,40,14,19
308,-19.794502,0.40763077,Tanzania,17,3,9,4,14,24,16,22,16,30,21,0,0,1,4,7,0,4,1,6,8,4,3,5,14,21,17,13,12,23,7,23,16,19,9,24,3,31,16,16,4,15,39,16,21,1,14,43,19,18,11
309,11.993642,-19.666546,Thailand (royal anthem),19,2,0,13,9,13,3,32,13,6,11,4,6,7,0,8,11,10,11,4,12,14,0,20,0,13,0,22,14,19,20,30,25,26,33,17,30,7,38,31,7,9,27,23,32,34,40,0,26,35,2
310,-1.3878137,-17.217316,Thailand (national anthem),1,2,6,7,3,7,7,28,28,1,3,4,6,3,7,4,2,7,4,11,6,11,2,7,4,19,19,9,0,13,16,2,4,18,20,13,29,26,22,30,13,0,5,21,33,28,4,33,5,12,20
311,7.4124312,-18.380495,Tibet,10,2,0,13,9,13,3,34,13,6,11,4,6,7,0,8,11,10,4,4,12,14,0,12,20,4,0,22,5,21,20,30,27,2,2,4,24,36,38,31,7,19,27,23,32,34,40,42,44,50,2
312,4.939326,7.5866055,Timor-Leste,12,1,4,6,6,18,24,23,22,17,24,2,3,4,8,9,3,0,9,1,5,17,1,1,15,20,15,24,1,25,19,16,22,27,3,0,19,18,13,11,22,14,41,27,29,9,37,41,13,24,34
313,0.37504604,-3.0072784,Togo (1979-1991),14,2,2,11,15,0,0,13,5,10,0,5,4,2,3,5,5,5,0,10,4,16,18,10,7,6,3,16,20,16,4,4,9,28,1,5,12,33,9,40,19,22,38,41,27,14,2,12,14,45,39
314,-0.49217215,-1.5419992,Togo,6,4,2,11,13,0,0,7,5,10,0,5,4,2,3,0,6,5,0,10,4,16,18,10,7,6,3,16,20,16,14,4,9,6,1,16,20,33,9,26,19,6,24,18,2,19,2,12,14,38,39
315,12.431425,-11.493495,Tokelau,19,4,0,0,19,4,6,4,4,18,7,1,5,7,0,8,11,2,11,5,12,14,12,9,19,9,21,3,4,5,15,18,1,7,29,8,5,19,14,3,33,13,4,9,17,40,11,14,39,33,41
316,-19.207504,14.6305065,Tonga,18,0,8,5,5,11,21,12,7,8,33,3,0,6,1,3,7,3,6,2,7,7,11,16,10,12,9,21,2,6,21,27,13,9,4,20,7,29,12,6,35,25,13,10,7,23,17,10,20,51,25
317,-24.344707,-1.1885967,Transkei,17,3,9,4,14,24,16,22,16,13,21,0,0,1,4,7,0,4,1,6,8,4,3,5,14,21,17,13,12,23,7,23,16,19,24,24,3,31,16,16,28,15,3,29,18,1,14,7,19,18,49
318,6.943991,8.895792,Transvaal,12,1,4,6,6,18,24,23,22,17,23,2,1,0,6,9,3,0,9,1,5,17,17,1,15,20,15,24,1,25,19,29,22,27,3,0,19,30,33,11,22,34,41,27,29,24,12,41,13,24,22
319,-3.9254832,-23.128912,Trinidad and Tobago,5,2,6,7,3,7,7,14,28,26,31,4,6,3,7,4,2,7,4,13,6,11,2,7,4,19,19,9,0,3,25,2,4,18,30,13,29,26,5,13,13,0,5,21,41,11,31,33,5,39,33
320,-6.8921494,-6.6698484,Tunisia,16,3,2,11,10,19,8,0,23,12,16,0,2,1,3,10,10,1,10,0,15,1,7,19,18,2,16,20,3,4,23,10,18,1,12,33,34,35,23,28,37,38,31,13,16,20,10,24,28,43,30
321,16.127775,13.407259,Turkmenistan (1946-1997),8,1,3,2,8,6,4,6,27,4,49,2,1,0,6,6,4,8,2,15,9,9,13,8,3,7,5,25,7,2,5,15,21,8,10,9,28,9,2,4,9,16,17,17,28,7,6,16,7,11,42
322,-2.734499,-9.7687025,Turkey,16,2,2,3,10,23,19,19,34,34,29,4,6,3,3,5,10,1,10,0,15,1,9,0,18,18,16,20,18,4,23,28,29,1,8,33,34,34,15,7,15,20,36,2,3,2,22,9,21,8,5
323,11.373602,23.033653,Turkmenistan (1997-2008),15,1,3,12,2,20,22,26,37,25,48,2,1,0,2,6,4,8,2,7,13,15,15,15,11,17,18,1,24,20,18,6,8,22,22,18,33,3,18,29,21,7,25,19,6,15,45,18,29,31,16
324,-3.750361,-22.76803,Turks and Caicos Islands,5,2,6,7,3,7,7,14,28,26,31,4,6,3,7,4,2,7,4,13,6,11,2,7,4,19,19,9,0,3,25,2,4,18,30,13,29,26,5,13,13,0,5,21,41,11,31,33,5,39,33
325,11.380392,23.03425,Turkmenistan,15,1,3,12,2,20,22,26,37,25,48,2,1,0,2,6,4,8,2,7,13,15,15,15,11,17,18,1,24,20,18,6,8,22,22,18,33,3,18,29,21,7,25,19,6,15,45,18,29,31,16
326,-17.274279,12.726884,Tuvalu,18,0,8,5,5,11,21,12,21,8,41,3,0,6,1,3,7,3,6,2,7,7,11,16,10,12,9,21,2,6,21,7,5,9,28,20,14,0,12,6,35,5,13,1,19,23,17,10,33,2,25
327,16.417171,-1.2565943,Uganda,11,4,7,9,16,1,25,11,11,7,37,1,5,5,5,1,1,6,5,9,0,8,8,13,6,1,22,10,11,8,8,5,6,30,5,2,10,10,17,10,30,10,20,20,9,45,32,44,15,41,21
328,14.580493,13.171609,Ukraine (1949-1991),8,1,3,2,8,6,4,6,0,24,10,2,1,0,6,6,4,8,2,15,9,9,13,8,3,7,5,25,7,2,5,15,21,8,10,9,18,9,29,4,26,35,17,40,1,37,47,37,50,11,9
329,16.944338,-0.9116552,Ukraine,11,4,7,9,16,1,25,11,11,7,37,1,5,5,5,1,1,6,5,9,0,8,8,13,6,1,22,10,11,8,8,5,6,30,5,2,10,10,17,10,30,10,20,20,9,45,32,44,15,41,21
330,18.115114,24.659523,Union of Soviet Socialist Republics (1922-1944),8,1,3,2,8,20,22,24,18,32,9,2,1,0,6,6,4,8,2,15,13,15,15,8,3,17,18,14,24,26,28,24,8,22,21,18,17,24,18,18,41,29,30,34,20,25,20,23,47,10,43
331,-15.77153,18.062006,United Kingdom,7,0,8,5,18,11,9,30,7,36,2,3,0,6,1,3,7,3,6,2,7,7,11,16,10,12,11,12,13,24,10,27,13,9,4,20,7,29,24,36,2,25,8,10,7,29,34,46,48,34,12
332,-5.4392347,-16.915007,United Nations,5,2,6,7,3,7,14,28,28,26,6,4,6,3,7,4,2,7,8,13,11,12,2,7,4,15,7,0,0,13,25,9,4,18,30,13,29,26,5,30,1,0,19,21,33,28,8,29,5,12,10
333,2.4801867,-4.599886,United States (to 1931),14,2,2,10,15,17,13,13,38,15,22,5,4,2,3,5,5,5,0,10,3,16,18,0,16,18,8,16,9,10,4,8,7,28,27,5,25,1,20,40,29,22,38,41,27,14,35,48,22,45,3
334,-8.172476,-11.274108,Uruguay,16,3,6,14,10,23,19,0,23,12,16,0,2,3,7,4,10,1,8,0,11,1,16,19,18,2,7,0,18,4,23,28,18,1,12,1,34,35,23,28,37,40,31,39,11,20,22,24,28,43,30
335,8.964368,9.290819,Vanuatu,12,1,3,6,6,21,24,23,8,17,23,2,1,0,6,9,3,0,9,1,5,17,17,1,15,20,15,24,1,25,19,29,22,27,3,0,19,30,33,11,16,34,41,27,29,24,12,41,13,24,22
336,1.1986928,-7.8628564,United States,14,2,2,3,15,17,13,19,38,15,22,5,4,2,3,5,5,5,10,11,3,2,9,0,8,18,10,23,9,10,4,8,7,12,27,5,25,34,1,40,29,8,38,41,27,14,35,9,41,15,50
337,1.0556638,5.797074,Uzbekistan,6,1,4,6,6,14,2,7,14,27,34,5,4,2,8,9,3,0,9,10,4,17,1,17,1,20,13,6,10,27,11,16,22,15,1,16,21,18,13,14,38,14,22,44,15,9,37,47,51,52,34
338,-5.5140295,2.2296221,Vatican City,2,0,5,1,13,10,12,18,39,27,15,5,4,2,8,0,6,9,7,8,16,13,5,10,13,14,12,8,22,16,27,20,28,24,19,27,0,2,25,9,19,6,42,8,37,30,19,35,40,14,47
339,-15.618369,-6.46656,Upper Volta,9,3,9,4,17,5,1,10,1,28,4,0,2,1,4,10,8,11,13,14,1,6,10,18,2,8,2,7,8,9,24,13,2,10,25,7,11,5,4,25,11,3,7,5,0,13,38,8,1,30,28
340,16.924896,13.958502,Uzbekistan (1947-1992),8,1,3,2,8,6,4,6,27,4,49,2,1,0,6,6,4,8,2,15,9,9,13,8,3,7,5,25,7,2,5,15,21,8,10,9,28,9,2,4,9,16,17,17,28,7,6,16,7,11,42
341,-7.6713743,15.153565,British Virgin Islands,4,0,1,8,18,8,23,2,17,44,12,3,3,6,1,3,7,3,6,12,2,3,14,6,12,16,11,12,13,7,12,11,26,5,13,3,26,13,19,2,39,18,0,42,38,18,23,19,43,27,26
342,-1.4368452,7.939547,Wales,13,0,5,6,4,14,2,31,3,27,34,5,3,4,8,0,6,9,9,12,4,3,1,17,1,11,13,6,10,14,12,16,0,15,6,10,21,27,10,14,38,1,22,44,35,26,18,47,18,52,18
343,-3.112416,-7.6759596,Venezuela,16,2,2,11,10,23,19,19,34,34,44,5,4,2,3,5,10,1,10,0,15,1,7,0,18,18,16,20,18,4,23,10,29,28,12,33,34,34,9,7,15,8,36,13,16,14,10,9,9,0,50
344,-8.021234,15.139659,U. S. Virgin Islands,4,0,1,8,18,8,23,2,17,44,12,3,3,6,1,3,7,3,6,12,2,3,14,6,12,16,11,12,13,7,12,11,26,5,13,3,26,13,19,2,39,18,0,42,38,18,23,19,43,27,26
345,-2.0140846,0.17508689,Vietnam,6,0,2,11,13,0,0,7,14,10,0,5,4,2,8,0,6,9,7,10,4,16,1,10,7,14,3,8,20,16,14,4,9,6,1,27,0,2,28,26,19,6,24,18,2,19,41,35,40,38,7
346,-13.980344,-4.809093,Wallonia,9,3,9,4,17,5,1,33,1,3,4,0,2,1,4,10,8,11,13,14,1,6,10,18,2,8,2,7,8,9,24,13,2,10,25,30,11,5,4,25,11,3,7,5,0,13,38,8,1,21,28
347,18.212929,-21.982744,Yemen,19,2,0,13,9,4,29,32,12,38,40,4,5,7,0,8,11,10,11,4,12,14,0,20,0,13,0,17,14,19,20,17,25,17,15,21,30,7,34,34,40,27,32,22,36,21,44,36,30,44,38
348,2.855897,13.328773,North Yemen (1978-1990),12,1,1,12,2,18,17,8,10,20,5,2,3,4,2,2,9,12,3,12,5,17,6,17,1,3,13,24,26,11,3,21,10,0,17,28,31,8,37,12,12,23,35,3,43,39,3,26,0,4,0
349,-6.2558002,-3.4344697,Western Sahara,16,3,2,11,13,19,8,18,5,43,43,5,4,2,3,0,6,1,7,0,15,1,7,10,18,14,12,20,3,16,23,10,24,25,19,27,20,12,9,9,19,38,12,30,37,31,7,38,49,28,15
350,11.00993,-7.1402273,West Papua,3,4,7,10,0,16,6,20,4,37,7,1,5,5,5,1,5,2,0,5,3,5,12,9,19,22,8,15,21,22,8,18,1,7,29,8,23,19,31,19,33,2,10,25,25,44,42,4,34,33,41
351,18.213984,-21.982845,South Yemen (1979-1990),19,2,0,13,9,4,29,32,12,38,40,4,5,7,0,8,11,10,11,4,12,14,0,20,0,13,0,17,14,19,20,17,25,17,15,21,30,7,34,34,40,27,32,22,36,21,44,36,30,44,38
352,8.101528,8.353117,Zambia,12,1,4,6,6,21,24,23,8,17,23,2,1,0,6,9,3,0,9,1,5,17,17,1,15,20,15,4,1,25,19,29,22,27,3,0,19,30,33,11,16,34,41,27,29,24,12,41,13,24,22
353,9.522178,-23.380054,Zaire,10,2,0,13,9,13,3,3,13,41,18,4,6,7,0,8,11,10,4,4,12,14,0,12,20,13,0,22,14,19,20,30,12,26,33,17,8,36,11,5,7,9,11,23,24,43,33,0,26,3,29
354,1.4925063,14.28718,Zanzibar,4,1,1,12,2,18,17,8,10,20,5,2,3,4,2,2,9,12,3,12,5,10,6,17,1,3,13,24,26,11,3,21,10,0,17,28,31,8,37,12,12,23,35,3,43,39,3,26,0,4,0
355,-19.672297,0.037012205,Zimbabwe (1980-1994),17,3,9,4,14,24,16,22,16,30,21,0,0,1,4,7,0,4,1,6,8,4,3,5,14,21,17,13,12,23,7,23,16,19,9,24,3,31,16,16,4,15,39,16,21,1,14,43,19,18,11
356,15.617769,2.6090739,Zimbabwe,0,4,7,9,16,1,10,11,26,16,1,1,1,5,5,1,1,6,12,9,0,0,8,13,17,1,22,10,11,17,13,12,3,29,16,15,1,6,21,20,14,4,20,4,45,22,25,22,10,1,6
